PRAGMA foreign_keys=OFF;
BEGIN TRANSACTION;
CREATE TABLE IF NOT EXISTS cars (id INTEGER PRIMARY KEY ASC AUTOINCREMENT UNIQUE NOT NULL, displayName TEXT UNIQUE NOT NULL, searchUrl TEXT UNIQUE, isOwned BOOLEAN NOT NULL, created DATETIME DEFAULT (CURRENT_TIMESTAMP) NOT NULL);
INSERT INTO cars VALUES(1,'2014 Toyota Prius',NULL,1,'2024-01-12 18:06:49');
INSERT INTO cars VALUES(2,'2018 Honda Civic Si',NULL,1,'2024-01-12 18:06:49');
INSERT INTO cars VALUES(3,'Mazda Miata ND','https://www.cars.com/shopping/results/?body_style_slugs[]=convertible&dealer_id=&list_price_max=&list_price_min=10000&makes[]=mazda&maximum_distance=all&mileage_max=&models[]=mazda-mx_5_miata&page_size=20&sort=list_price&stock_type=used&transmission_slugs[]=manual&trims[]=mazda-mx_5_miata-club&year_max=&year_min=2016&zip=80206',0,'2024-01-12 18:06:49');
INSERT INTO cars VALUES(4,'2023 Honda Civic Type R',NULL,1,'2024-01-12 18:06:49');
CREATE TABLE IF NOT EXISTS consumption (id INTEGER PRIMARY KEY ASC AUTOINCREMENT, carId INTEGER NOT NULL REFERENCES cars (id), price REAL NOT NULL, gallons REAL NOT NULL, miles REAL NOT NULL, notes TEXT DEFAULT NULL, created DATETIME NOT NULL DEFAULT (CURRENT_TIMESTAMP));
INSERT INTO consumption VALUES(1,1,33.92,9.531,483.3,NULL,'2014-08-29');
INSERT INTO consumption VALUES(2,1,30.51,8.719,458.3,NULL,'2014-09-28');
INSERT INTO consumption VALUES(3,1,27.89,8.206,394.7,NULL,'2014-10-06');
INSERT INTO consumption VALUES(4,1,23.52,7.87,409.3,NULL,'2014-10-30');
INSERT INTO consumption VALUES(5,1,27.68,9.547,438.8,NULL,'2014-11-15');
INSERT INTO consumption VALUES(6,1,23.14,8.208,361.3,NULL,'2014-11-27');
INSERT INTO consumption VALUES(7,1,20.48,7.589,370.8,NULL,'2014-12-04');
INSERT INTO consumption VALUES(8,1,22.99,9.664,456.1,NULL,'2014-12-15');
INSERT INTO consumption VALUES(9,1,18.72,9.557,425,NULL,'2015-01-06');
INSERT INTO consumption VALUES(10,1,14.01,8.058,365.7,NULL,'2015-01-18');
INSERT INTO consumption VALUES(11,1,14.56,8.37,406.9,NULL,'2015-01-29');
INSERT INTO consumption VALUES(12,1,20.07,10.04,473.7,NULL,'2015-02-12');
INSERT INTO consumption VALUES(13,1,19.19,9.142,422.6,NULL,'2015-03-02');
INSERT INTO consumption VALUES(14,1,20.84,9.79,461.3,NULL,'2015-03-20');
INSERT INTO consumption VALUES(15,1,20.55,9.563,479.4,NULL,'2015-04-03');
INSERT INTO consumption VALUES(16,1,21.8,9.826,482.4,NULL,'2015-04-17');
INSERT INTO consumption VALUES(17,1,22.11,9.618,452.2,NULL,'2015-04-28');
INSERT INTO consumption VALUES(18,1,21.24,8.709,451.3,NULL,'2015-05-07');
INSERT INTO consumption VALUES(19,1,25.64,9.94,551.8,NULL,'2015-05-31');
INSERT INTO consumption VALUES(20,1,24.79,9.765,496,NULL,'2015-06-13');
INSERT INTO consumption VALUES(21,1,20.99,8.075,434.2,NULL,'2015-06-26');
INSERT INTO consumption VALUES(22,1,25.47,9.472,497.5,NULL,'2015-07-05');
INSERT INTO consumption VALUES(23,1,35.6,12.393,637.4,NULL,'2015-07-14');
INSERT INTO consumption VALUES(24,1,27.94,9.982,514.3,NULL,'2015-07-31');
INSERT INTO consumption VALUES(25,1,23.89,8.535,444.8,NULL,'2015-08-16');
INSERT INTO consumption VALUES(26,1,22.42,8.127,407.5,NULL,'2015-08-20');
INSERT INTO consumption VALUES(27,1,24.86,8.29,412.7,NULL,'2015-08-29');
INSERT INTO consumption VALUES(28,1,21.59,9.308,473.2,NULL,'2015-10-12');
INSERT INTO consumption VALUES(29,1,19.58,9.795,486,NULL,'2015-10-28');
INSERT INTO consumption VALUES(30,1,14.67,7.893,383.9,NULL,'2015-11-08');
INSERT INTO consumption VALUES(31,1,16.76,9.163,458.2,NULL,'2015-11-22');
INSERT INTO consumption VALUES(32,1,16.96,9.272,422.1,NULL,'2015-12-06');
INSERT INTO consumption VALUES(33,1,17.14,9.858,460,NULL,'2015-12-21');
INSERT INTO consumption VALUES(34,1,15.97,9.184,417,NULL,'2015-12-31');
INSERT INTO consumption VALUES(35,1,15.32,9.124,416.6,NULL,'2016-01-13');
INSERT INTO consumption VALUES(36,1,15.21,9.166,389.6,NULL,'2016-01-18');
INSERT INTO consumption VALUES(37,1,14.34,8.752,411.1,NULL,'2016-01-28');
INSERT INTO consumption VALUES(38,1,12.95,8.818,423.6,NULL,'2016-02-14');
INSERT INTO consumption VALUES(39,1,15.62,9.77,462.3,NULL,'2016-03-02');
INSERT INTO consumption VALUES(40,1,19.13,10.072,498.9,NULL,'2016-03-17');
INSERT INTO consumption VALUES(41,1,18.72,9.856,479.8,NULL,'2016-04-04');
INSERT INTO consumption VALUES(42,1,18.68,9.535,461.3,NULL,'2016-04-20');
INSERT INTO consumption VALUES(43,1,18.26,8.7,440.2,NULL,'2016-05-04');
INSERT INTO consumption VALUES(44,1,19.17,9.309,441.5,NULL,'2016-05-15');
INSERT INTO consumption VALUES(45,1,19.72,8.969,475.2,NULL,'2016-06-21');
INSERT INTO consumption VALUES(46,1,12.87,5.854,308.9,NULL,'2016-07-01');
INSERT INTO consumption VALUES(47,1,18.42,7.945,356.9,NULL,'2016-07-04');
INSERT INTO consumption VALUES(48,1,20.88,9.409,498.6,NULL,'2016-07-09');
INSERT INTO consumption VALUES(49,1,14.25,6.723,342.2,NULL,'2016-07-22');
INSERT INTO consumption VALUES(50,1,17.96,9.123,458.1,NULL,'2016-07-28');
INSERT INTO consumption VALUES(51,1,17.3,9.06,478.2,NULL,'2016-08-12');
INSERT INTO consumption VALUES(52,1,17.14,7.652,355.5,NULL,'2016-08-14');
INSERT INTO consumption VALUES(53,1,20.35,10.495,541.1,NULL,'2016-08-20');
INSERT INTO consumption VALUES(54,1,15.03,7.373,391,NULL,'2016-09-03');
INSERT INTO consumption VALUES(55,1,19.42,9.077,472.4,NULL,'2016-09-15');
INSERT INTO consumption VALUES(56,1,13.96,7.163,386.4,NULL,'2016-09-30');
INSERT INTO consumption VALUES(57,1,18.99,9.048,425.2,NULL,'2016-10-04');
INSERT INTO consumption VALUES(58,1,19.93,9.584,510.5,NULL,'2016-10-21');
INSERT INTO consumption VALUES(59,1,7.71,4.193,217.8,NULL,'2016-11-05');
INSERT INTO consumption VALUES(60,1,15.04,8.454,428.1,NULL,'2016-11-20');
INSERT INTO consumption VALUES(61,1,14.72,8.273,386.7,NULL,'2016-11-30');
INSERT INTO consumption VALUES(62,1,19.92,9.965,464.6,NULL,'2016-12-12');
INSERT INTO consumption VALUES(63,1,20.75,9.61,429,NULL,'2016-12-27');
INSERT INTO consumption VALUES(64,1,13.68,6.699,307,NULL,'2017-01-14');
INSERT INTO consumption VALUES(65,1,18.51,8.615,414.2,NULL,'2017-01-28');
INSERT INTO consumption VALUES(66,1,12.7,6.419,313.5,NULL,'2017-02-04');
INSERT INTO consumption VALUES(67,1,20.68,9.668,512.7,NULL,'2017-03-28');
INSERT INTO consumption VALUES(68,1,19.2,8.653,436,NULL,'2017-04-22');
INSERT INTO consumption VALUES(69,1,19.19,8.345,387.4,'inflated tires','2017-05-02');
INSERT INTO consumption VALUES(70,1,21.82,10.01,450.8,'inflated tires','2017-05-20');
INSERT INTO consumption VALUES(71,1,10.7,4.656,248.2,NULL,'2017-05-27');
INSERT INTO consumption VALUES(72,1,17.69,7.972,376.7,'Drove to Buena Vista','2017-06-03');
INSERT INTO consumption VALUES(73,1,11.64,5.245,268.1,NULL,'2017-06-11');
INSERT INTO consumption VALUES(74,1,22.03,9.797,514.5,NULL,'2017-06-28');
INSERT INTO consumption VALUES(75,1,16.71,8.117,386.1,'Drove to Navajo','2017-07-08');
INSERT INTO consumption VALUES(76,1,20.35,9.882,497.7,NULL,'2017-07-23');
INSERT INTO consumption VALUES(77,1,8.62,4.107,218.3,NULL,'2017-07-30');
INSERT INTO consumption VALUES(78,1,7.11,3.291,174.8,NULL,'2017-08-03');
INSERT INTO consumption VALUES(79,1,13.28,6.24,316.8,NULL,'2017-08-19');
INSERT INTO consumption VALUES(80,1,21.28,9.336,471.4,NULL,'2017-09-02');
INSERT INTO consumption VALUES(81,1,16.76,7.554,385.8,NULL,'2017-09-24');
INSERT INTO consumption VALUES(82,1,21.39,10.002,481.2,NULL,'2017-10-10');
INSERT INTO consumption VALUES(83,1,12.72,5.89,293.9,NULL,'2017-10-21');
INSERT INTO consumption VALUES(84,1,13.2,5.389,253.7,NULL,'2017-10-27');
INSERT INTO consumption VALUES(85,1,23.62,9.265,381.7,NULL,'2017-10-29');
INSERT INTO consumption VALUES(86,1,21.13,9.071,445.3,NULL,'2017-11-04');
INSERT INTO consumption VALUES(87,1,20.49,8.798,415.4,'TIRE PRESSURE LOW','2017-11-18');
INSERT INTO consumption VALUES(88,1,22.77,9.821,480.6,'TIRE PRESSURE LOW','2017-11-29');
INSERT INTO consumption VALUES(89,1,17.74,8.067,384.1,'changed tires','2017-12-21');
INSERT INTO consumption VALUES(90,1,16.09,7.351,360.6,NULL,'2017-12-30');
INSERT INTO consumption VALUES(91,1,16.31,7.487,370.5,NULL,'2018-01-14');
INSERT INTO consumption VALUES(92,1,18.53,8.059,394.2,'tire puncture','2018-02-04');
INSERT INTO consumption VALUES(93,1,18.75,8.566,408.3,NULL,'2018-02-25');
INSERT INTO consumption VALUES(94,1,19.1,8.609,427,NULL,'2018-03-10');
INSERT INTO consumption VALUES(95,1,19.22,8.044,420.2,NULL,'2018-04-04');
INSERT INTO consumption VALUES(96,1,16.49,6.735,336.6,NULL,'2018-04-29');
INSERT INTO consumption VALUES(97,1,24.47,9.562,475.3,NULL,'2018-05-12');
INSERT INTO consumption VALUES(98,1,17.23,6.455,314,NULL,'2018-05-27');
INSERT INTO consumption VALUES(99,1,23.06,8.739,448.2,NULL,'2018-06-09');
INSERT INTO consumption VALUES(100,1,22.87,8.699,457.9,NULL,'2018-06-24');
INSERT INTO consumption VALUES(101,1,10.04,3.654,188.5,NULL,'2018-06-30');
INSERT INTO consumption VALUES(102,1,25.36,8.572,389.5,'Drove to Navajo','2018-07-03');
INSERT INTO consumption VALUES(103,1,23.64,9.095,436,'Drove to mountains','2018-07-15');
INSERT INTO consumption VALUES(104,1,16.98,6.663,344.4,NULL,'2018-07-28');
INSERT INTO consumption VALUES(105,1,25.04,9.348,476.4,'Drove to mountains','2018-08-09');
INSERT INTO consumption VALUES(106,1,24.7,9.54,463.1,NULL,'2018-08-18');
INSERT INTO consumption VALUES(107,1,13.05,5.023,265.6,NULL,'2018-08-26');
INSERT INTO consumption VALUES(108,1,19.41,7.113,368.4,NULL,'2018-09-23');
INSERT INTO consumption VALUES(109,1,22.01,7.979,403,NULL,'2018-09-30');
INSERT INTO consumption VALUES(110,1,27.54,9.666,475.3,NULL,'2018-10-13');
INSERT INTO consumption VALUES(111,1,21.87,8.103,399.2,NULL,'2018-10-27');
INSERT INTO consumption VALUES(112,1,18.3,8.101,361.7,'winter tires','2018-11-25');
INSERT INTO consumption VALUES(113,1,17.37,8.275,396,NULL,'2018-12-09');
INSERT INTO consumption VALUES(114,1,16.27,8.303,406.8,NULL,'2018-12-28');
INSERT INTO consumption VALUES(115,1,17.05,9.17,432.4,NULL,'2019-01-14');
INSERT INTO consumption VALUES(116,1,18.87,9.936,439.8,'E15 gas','2019-02-08');
INSERT INTO consumption VALUES(117,1,12.33,6.635,338.5,NULL,'2019-02-16');
INSERT INTO consumption VALUES(118,1,16.91,8.547,414.2,NULL,'2019-03-03');
INSERT INTO consumption VALUES(119,1,21.91,9.408,436.1,NULL,'2019-04-02');
INSERT INTO consumption VALUES(120,1,22.37,8.952,442.5,NULL,'2019-05-05');
INSERT INTO consumption VALUES(121,1,20.24,7.878,393.9,NULL,'2019-05-19');
INSERT INTO consumption VALUES(122,1,21.54,8.417,409.9,NULL,'2019-05-28');
INSERT INTO consumption VALUES(123,1,24.49,9.352,462.8,NULL,'2019-06-24');
INSERT INTO consumption VALUES(124,1,27.22,9.137,438.9,NULL,'2019-07-27');
INSERT INTO consumption VALUES(125,1,22.1,10.141,410.7,'Guernsey','2019-08-18');
INSERT INTO consumption VALUES(126,1,30.39,9.561,318.4,NULL,'2019-10-06');
INSERT INTO consumption VALUES(127,2,26.05,9.111,330.9,NULL,'2019-10-06');
INSERT INTO consumption VALUES(128,2,24.96,8.465,293.7,NULL,'2019-10-06');
INSERT INTO consumption VALUES(129,2,29.34,10.117,331.2,NULL,'2019-10-15');
INSERT INTO consumption VALUES(130,2,31.4,10.649,313.9,NULL,'2019-11-03');
INSERT INTO consumption VALUES(131,2,20.88,7.106,239.3,NULL,'2019-11-10');
INSERT INTO consumption VALUES(132,2,20.14,6.692,206.1,NULL,'2019-11-17');
INSERT INTO consumption VALUES(133,2,17.18,5.709,171.5,NULL,'2019-11-24');
INSERT INTO consumption VALUES(134,2,16.85,5.617,174.1,NULL,'2019-11-30');
INSERT INTO consumption VALUES(135,2,24.53,8.18,248.8,NULL,'2019-12-08');
INSERT INTO consumption VALUES(136,2,28.35,9.951,307.3,NULL,'2019-12-17');
INSERT INTO consumption VALUES(137,2,17.05,5.963,188.6,NULL,'2019-12-22');
INSERT INTO consumption VALUES(138,2,17.54,6.266,203,NULL,'2019-12-26');
INSERT INTO consumption VALUES(139,2,19.42,6.071,214.8,'Drove to Del Norte','2019-12-28');
INSERT INTO consumption VALUES(140,2,26.75,9.695,370.1,'Drove to Del Norte ','2020-01-02');
INSERT INTO consumption VALUES(141,2,29.61,10.969,331.1,NULL,'2020-01-12');
INSERT INTO consumption VALUES(142,2,23.05,8.667,290.5,NULL,'2020-01-20');
INSERT INTO consumption VALUES(143,2,16.58,6.258,191.8,NULL,'2020-01-26');
INSERT INTO consumption VALUES(144,2,24.96,9.793,295,NULL,'2020-02-02');
INSERT INTO consumption VALUES(145,2,24.84,9.669,294.1,NULL,'2020-02-16');
INSERT INTO consumption VALUES(146,2,24.83,9.74,304.3,NULL,'2020-02-27');
INSERT INTO consumption VALUES(147,2,11.71,6.656,205.1,NULL,'2020-03-16');
INSERT INTO consumption VALUES(148,2,13.9,7.093,222.5,NULL,'2020-03-25');
INSERT INTO consumption VALUES(149,2,10.74,5.48,168,NULL,'2020-03-30');
INSERT INTO consumption VALUES(150,2,16.52,10.016,334.1,NULL,'2020-04-18');
INSERT INTO consumption VALUES(151,2,7.95,5.002,159.8,NULL,'2020-05-02');
INSERT INTO consumption VALUES(152,2,13.79,7.706,259.8,NULL,'2020-05-14');
INSERT INTO consumption VALUES(153,2,22.89,9.705,366.5,'Utah','2020-05-15');
INSERT INTO consumption VALUES(154,2,4.55,2.696,92.8,NULL,'2020-05-17');
INSERT INTO consumption VALUES(155,2,15.67,8.566,357.7,'Utah drive','2020-05-18');
INSERT INTO consumption VALUES(156,2,11.19,5.486,198.1,NULL,'2020-05-23');
INSERT INTO consumption VALUES(157,2,14.47,4.991,186.7,NULL,'2020-05-29');
INSERT INTO consumption VALUES(158,2,28.45,10.948,171.9,'Track day','2020-05-29');
INSERT INTO consumption VALUES(159,2,21.9,9.204,322.5,NULL,'2020-06-07');
INSERT INTO consumption VALUES(160,2,22.11,7.627,238.6,NULL,'2020-06-25');
INSERT INTO consumption VALUES(161,2,19.84,7.351,158.3,'Track day ','2020-06-28');
INSERT INTO consumption VALUES(162,2,31.58,10.195,318.5,NULL,'2020-07-13');
INSERT INTO consumption VALUES(163,2,23.12,8.695,271.4,NULL,'2020-07-26');
INSERT INTO consumption VALUES(164,2,24.29,9,288.9,NULL,'2020-08-05');
INSERT INTO consumption VALUES(165,2,27.08,10.584,328.2,NULL,'2020-08-22');
INSERT INTO consumption VALUES(166,2,19.62,7.759,271.4,NULL,'2020-09-12');
INSERT INTO consumption VALUES(167,2,17.47,6.714,220.2,NULL,'2020-09-29');
INSERT INTO consumption VALUES(168,2,12.28,4.55,141,NULL,'2020-10-09');
INSERT INTO consumption VALUES(169,2,20.46,7.58,102,NULL,'2020-10-09');
INSERT INTO consumption VALUES(170,2,21.34,8.933,313.7,NULL,'2020-10-14');
INSERT INTO consumption VALUES(171,2,18,7.966,246.5,NULL,'2020-11-02');
INSERT INTO consumption VALUES(172,2,20.29,9.227,297.8,NULL,'2020-11-13');
INSERT INTO consumption VALUES(173,2,16.81,6.323,92.8,'Track day','2020-11-15');
INSERT INTO consumption VALUES(174,2,17.45,6.562,225.3,NULL,'2020-11-21');
INSERT INTO consumption VALUES(175,2,12.63,4.75,74.5,'Track day','2020-11-21');
INSERT INTO consumption VALUES(176,2,15.27,7.141,223.6,NULL,'2020-11-29');
INSERT INTO consumption VALUES(177,2,20.38,8.863,278.3,NULL,'2020-12-08');
INSERT INTO consumption VALUES(178,2,12.65,5.407,177.4,NULL,'2020-12-13');
INSERT INTO consumption VALUES(179,2,25.11,10.689,381.2,NULL,'2020-12-20');
INSERT INTO consumption VALUES(180,2,26.37,10.636,372.1,NULL,'2021-01-04');
INSERT INTO consumption VALUES(181,2,19.54,7.916,240.1,NULL,'2021-01-24');
INSERT INTO consumption VALUES(182,2,20.25,8.104,266.1,NULL,'2021-02-07');
INSERT INTO consumption VALUES(183,2,22.16,8.21,237.9,'New tires (low psi)','2021-02-21');
INSERT INTO consumption VALUES(184,2,24.06,7.384,260,'Drove to mountains','2021-02-27');
INSERT INTO consumption VALUES(185,2,25.7,8.895,300.3,NULL,'2021-03-07');
INSERT INTO consumption VALUES(186,2,29.46,9.662,310.2,NULL,'2021-03-21');
INSERT INTO consumption VALUES(187,2,31.79,10.427,322.1,NULL,'2021-04-05');
INSERT INTO consumption VALUES(188,2,41.1,12.393,378.1,NULL,'2021-05-07');
INSERT INTO consumption VALUES(189,2,28.47,8.929,280.4,NULL,'2021-05-16');
INSERT INTO consumption VALUES(190,2,36.73,11.133,307.8,NULL,'2021-06-13');
INSERT INTO consumption VALUES(191,2,11.26,3.414,104.5,NULL,'2021-06-20');
INSERT INTO consumption VALUES(192,2,30.39,7.599,221.9,NULL,'2021-07-10');
INSERT INTO consumption VALUES(193,2,39.11,10.461,370,NULL,'2021-07-17');
INSERT INTO consumption VALUES(194,2,47.59,12.539,434.2,NULL,'2021-07-27');
INSERT INTO consumption VALUES(195,2,27.88,7.339,216,NULL,'2021-08-08');
INSERT INTO consumption VALUES(196,2,25.94,6.829,197.6,NULL,'2021-08-22');
INSERT INTO consumption VALUES(197,2,27.47,7.347,220.1,NULL,'2021-09-05');
INSERT INTO consumption VALUES(198,2,35.77,10.107,318.4,NULL,'2021-09-18');
INSERT INTO consumption VALUES(199,2,37.45,10.826,330.6,NULL,'2021-10-08');
INSERT INTO consumption VALUES(200,2,33.79,9.769,287.3,NULL,'2021-10-28');
INSERT INTO consumption VALUES(201,2,39.85,11.43,345.7,NULL,'2021-11-16');
INSERT INTO consumption VALUES(202,2,32.71,10.355,287.7,NULL,'2021-12-16');
INSERT INTO consumption VALUES(203,2,22.24,7.176,237.3,NULL,'2021-12-23');
INSERT INTO consumption VALUES(204,2,25.4,5.749,186.7,NULL,'2021-12-25');
INSERT INTO consumption VALUES(205,2,20.79,5.857,214,NULL,'2021-12-25');
INSERT INTO consumption VALUES(206,2,29.14,8.143,294.5,'Drive to lovington','2021-12-27');
INSERT INTO consumption VALUES(207,2,22.54,5.981,211.2,NULL,'2021-12-28');
INSERT INTO consumption VALUES(208,2,38.67,11.89,406.9,NULL,'2021-12-30');
INSERT INTO consumption VALUES(209,2,30.88,9.446,278.5,NULL,'2022-01-13');
INSERT INTO consumption VALUES(210,2,23,7,207,NULL,'2022-01-28');
INSERT INTO consumption VALUES(211,2,35,9,338,NULL,'2022-01-30');
INSERT INTO consumption VALUES(214,2,45.11,12.4,344.6,NULL,'2022-03-04');
INSERT INTO consumption VALUES(215,2,38.27,9.113,268.4,NULL,'2022-03-18');
INSERT INTO consumption VALUES(216,2,32.11,7.703,245.4,NULL,'2022-03-26');
INSERT INTO consumption VALUES(217,2,53.51,12.69,405.4,NULL,'2022-04-17');
INSERT INTO consumption VALUES(218,2,49.61,11.854,359.7,NULL,'2022-05-12');
INSERT INTO consumption VALUES(219,2,40.66,8.9,263.1,NULL,'2022-06-02');
INSERT INTO consumption VALUES(220,2,41.92,8.221,255.9,NULL,'2022-06-16');
INSERT INTO consumption VALUES(221,2,53.88,10.567,329.5,NULL,'2022-06-30');
INSERT INTO consumption VALUES(222,2,45.16,9.651,302,NULL,'2022-07-28');
INSERT INTO consumption VALUES(223,2,23.89,4.978,133,NULL,'2022-08-04');
INSERT INTO consumption VALUES(224,2,26.11,6.277,210.5,NULL,'2022-08-11');
INSERT INTO consumption VALUES(225,2,26.31,6.497,203.6,NULL,'2022-08-25');
INSERT INTO consumption VALUES(226,2,15.48,3.951,124.8,NULL,'2022-09-01');
INSERT INTO consumption VALUES(227,2,44.18,10.943,344.1,NULL,'2022-09-29');
INSERT INTO consumption VALUES(228,2,40.62,10.835,323.3,NULL,'2022-10-20');
INSERT INTO consumption VALUES(229,2,38.79,11.119,313.5,NULL,'2022-11-17');
INSERT INTO consumption VALUES(230,2,20.14,5.961,169.8,NULL,'2022-11-26');
INSERT INTO consumption VALUES(231,2,30.63,9.885,279.1,NULL,'2022-12-11');
INSERT INTO consumption VALUES(232,2,15.49,5.131,151.3,NULL,'2022-12-18');
INSERT INTO consumption VALUES(233,2,15.49,5.131,151.3,NULL,'2022-12-18');
INSERT INTO consumption VALUES(234,2,33.84,10.78,282.2,NULL,'2023-01-07');
INSERT INTO consumption VALUES(236,2,52.22,11.747,323.7,NULL,'2023-02-24');
INSERT INTO consumption VALUES(237,2,35.62,8.523,235.2,NULL,'2023-03-10');
INSERT INTO consumption VALUES(238,2,38.48,10.182,300.4,NULL,'2023-03-27');
INSERT INTO consumption VALUES(239,2,34.05,9.732,297,NULL,'2023-04-10');
INSERT INTO consumption VALUES(240,2,35.71,10.006,281.2,NULL,'2023-04-30');
INSERT INTO consumption VALUES(241,2,27.39,8.329,226.7,NULL,'2023-05-20');
INSERT INTO consumption VALUES(242,2,33.08,9.066,283,NULL,'2023-06-18');
INSERT INTO consumption VALUES(243,2,21.76,5.962,185.8,NULL,'2023-06-25');
INSERT INTO consumption VALUES(244,2,24.64,6.385,198.1,NULL,'2023-07-09');
INSERT INTO consumption VALUES(245,2,43.66,10.917,332,NULL,'2023-07-30');
INSERT INTO consumption VALUES(246,2,25.5,6.131,198.2,NULL,'2023-08-13');
INSERT INTO consumption VALUES(247,2,35.37,8.363,294,'Drove to mountains','2023-08-20');
INSERT INTO consumption VALUES(248,2,43.61,10.639,318.5,NULL,'2023-09-20');
INSERT INTO consumption VALUES(249,2,21.43,5.642,193.2,NULL,'2023-09-24');
INSERT INTO consumption VALUES(250,2,37.2,10.54,307,NULL,'2023-10-15');
INSERT INTO consumption VALUES(251,2,31.48,9.84,288.4,NULL,'2023-11-12');
INSERT INTO consumption VALUES(252,2,27.05,9.021,271.2,NULL,'2023-12-03');
INSERT INTO consumption VALUES(253,2,14.79,5.211,149.3,NULL,'2023-12-10');
INSERT INTO consumption VALUES(254,4,25.76,9.203,202,NULL,'2023-12-15');
INSERT INTO consumption VALUES(255,4,17.01,6.077,159.4,NULL,'2023-12-17');
INSERT INTO consumption VALUES(256,4,26.6,9.175,225.4,NULL,'2023-12-21');
INSERT INTO consumption VALUES(257,4,11.88,4.157,95.2,NULL,'2023-12-24');
INSERT INTO consumption VALUES(258,4,26.53,9.216,214.6,NULL,'2023-12-31');
INSERT INTO consumption VALUES(259,4,27.69,9.824,227.9,NULL,'2024-01-07');
INSERT INTO consumption VALUES(260,4,18.89,6.749,146.9,NULL,'2024-01-14 17:24:33');
INSERT INTO consumption VALUES(262,4,26.99,8.133,170.5,NULL,'2024-03-10 17:37:11');
INSERT INTO consumption VALUES(264,4,14.61,4.26,95.5,NULL,'2024-03-24 17:24:32');
INSERT INTO consumption VALUES(265,4,24.24,7.008,149.1,NULL,'2024-04-15 14:45:56');
INSERT INTO consumption VALUES(266,4,28.72,7.423,155.3,NULL,'2024-04-24 19:48:58');
INSERT INTO consumption VALUES(267,4,17.81,5.398,131.5,NULL,'2024-04-28 17:44:48');
INSERT INTO consumption VALUES(268,4,21.61,6.265,131.7,NULL,'2024-05-05 16:02:11');
INSERT INTO consumption VALUES(269,4,20.5,5.997,135.2,NULL,'2024-05-12 16:43:31');
INSERT INTO consumption VALUES(270,4,16.21,4.313,108,NULL,'2024-05-16 17:57:42');
INSERT INTO consumption VALUES(271,4,32.18,8.56,101.2,NULL,'2024-05-16 23:03:32');
INSERT INTO consumption VALUES(272,4,33.82,9.949,226.1,NULL,'2024-06-01 13:38:35');
INSERT INTO consumption VALUES(273,4,32.48,9.697,211.2,NULL,'2024-06-15 02:47:10');
INSERT INTO consumption VALUES(274,4,18.46,5.431,136.1,NULL,'2024-06-16 20:33:51');
INSERT INTO consumption VALUES(275,4,30.43,8.361,176.1,NULL,'2024-06-30 20:15:42');
INSERT INTO consumption VALUES(276,4,34.37,9.471,202,NULL,'2024-07-14 18:02:00');
INSERT INTO consumption VALUES(277,4,21.17,5.964,127.5,NULL,'2024-07-21 18:09:11');
INSERT INTO consumption VALUES(278,4,36.86,10.158,251.3,NULL,'2024-07-28 18:23:06');
INSERT INTO consumption VALUES(279,4,29.69,8.049,180,NULL,'2024-08-04 15:00:22');
INSERT INTO consumption VALUES(280,4,39.64,10.574,264.3,NULL,'2024-08-14 00:36:59');
INSERT INTO consumption VALUES(281,4,28.16,7.696,165.5,NULL,'2024-09-01 17:17:50');
INSERT INTO consumption VALUES(282,4,36.23,10.209,224,NULL,'2024-09-15 17:11:34');
INSERT INTO consumption VALUES(283,4,39.74,11.041,261.3,NULL,'2024-09-29 22:48:34');
CREATE TABLE IF NOT EXISTS genres (id INTEGER PRIMARY KEY ASC AUTOINCREMENT, description TEXT UNIQUE NOT NULL, created DATETIME NOT NULL DEFAULT (CURRENT_TIMESTAMP));
INSERT INTO genres VALUES(1,'Astrophysics','2024-01-12 17:54:53');
INSERT INTO genres VALUES(2,'Science','2024-01-12 17:54:53');
INSERT INTO genres VALUES(3,'Comedy','2024-01-12 17:54:53');
INSERT INTO genres VALUES(4,'Adult','2024-01-12 17:54:53');
INSERT INTO genres VALUES(5,'Mystery','2024-01-12 17:54:53');
INSERT INTO genres VALUES(6,'Thriller','2024-01-12 17:54:53');
INSERT INTO genres VALUES(7,'History','2024-01-12 17:54:53');
INSERT INTO genres VALUES(8,'Adventure','2024-01-12 17:54:53');
INSERT INTO genres VALUES(9,'Politics','2024-01-12 17:54:53');
INSERT INTO genres VALUES(10,'Biographical','2024-01-12 17:54:53');
INSERT INTO genres VALUES(11,'Sci-Fi','2024-01-12 17:54:53');
INSERT INTO genres VALUES(12,'Philosophy','2024-03-09 19:44:34');
INSERT INTO genres VALUES(13,'Documentary','2024-07-02 13:32:58');
CREATE TABLE IF NOT EXISTS books (id INTEGER PRIMARY KEY ASC AUTOINCREMENT, title TEXT NOT NULL, author TEXT NOT NULL, pages INTEGER NOT NULL, rating INTEGER NOT NULL, isFiction BOOLEAN NOT NULL, publishDate DATETIME, review TEXT, created DATETIME DEFAULT (CURRENT_TIMESTAMP) NOT NULL);
INSERT INTO books VALUES(1,'What If? 2','Randall Munroe',270,5,'f','','','2023-08-28');
INSERT INTO books VALUES(2,'When to Rob a Bank','Steven D. Levitt',351,4,'f','','','2023-08-28');
INSERT INTO books VALUES(3,'Chilean Poet','Alejandro Zambra',320,5,'f','','','2023-08-28');
INSERT INTO books VALUES(4,'The Paris Aparment','Lucy Foley',285,4,'t','','','2023-08-28');
INSERT INTO books VALUES(5,'The Nineties','Chuck Klosterman',364,4,'f','','','2023-08-28');
INSERT INTO books VALUES(6,'Recursion','Blake Crouch',267,4,0,NULL,NULL,'2023-08-28');
INSERT INTO books VALUES(7,'Fairy Tale','Stephen King',432,4,'t','','','2023-08-28');
INSERT INTO books VALUES(8,'Disorientation','Elaine Hsieh Chou',296,4,'f','','','2023-08-28');
INSERT INTO books VALUES(9,'Battling the Big Lie','Dan Pfeiffer',386,5,'f','','','2023-08-28');
INSERT INTO books VALUES(10,'Scoundrel','Sarah Weinman',423,5,'f','','Fascinating book about a sociopath','2023-08-28');
INSERT INTO books VALUES(11,'Three Body Problem','Cixin Liu',472,3,'t','','Ending was good.  First 3/4 of the book were not very interesting.  Story was hard to follow with all chinese character names.','2023-10-06');
INSERT INTO books VALUES(12,'The Elegant Universe','Brian Greene',389,4,'f','','Good book but you can get lost in some places.','2023-11-19');
INSERT INTO books VALUES(13,'Going Infinite','Michael Lewis',288,5,'f','','Consummate story teller','2024-01-12');
INSERT INTO books VALUES(14,'The Order of Time','Carlo Rovelli',224,2,0,NULL,'Too much philosophy and not enough science.  Too abstract.','2024-03-09 19:45:25');
INSERT INTO books VALUES(15,'Only Say Good Things','Crystal Hefner',205,3,0,NULL,'Expected but eye opening book.','2024-07-02 13:32:15');
INSERT INTO books VALUES(16,'Omnivore''s Dilemma','Michael Pollan',463,4,0,NULL,'Good book - section on foraging/hunting was a little dry.','2024-07-02 13:33:38');
INSERT INTO books VALUES(17,'Fire Weather: A True Story from a Hotter World','John Vaillant',432,5,0,NULL,'Great book about Fort McMurray and climate science and its affects.','2024-08-26 17:55:07');
INSERT INTO books VALUES(18,'In Defense of Food','Michael Pollan',205,5,0,NULL,'Great quick read about the dangers of nutritionism and eating whole foods.','2024-09-13 15:19:26');
INSERT INTO books VALUES(19,'Math with Bad Drawings','Ben Orlin',376,5,0,NULL,'Smart, funny, and insightful book about the nuances of life and relation to math.','2024-09-13 15:28:29');
CREATE TABLE IF NOT EXISTS books_genres_association (id INTEGER PRIMARY KEY ASC AUTOINCREMENT, bookId INTEGER NOT NULL REFERENCES books (id) ON DELETE RESTRICT, genreId INTEGER NOT NULL REFERENCES genres (id) ON DELETE RESTRICT, created DATETIME NOT NULL DEFAULT (CURRENT_TIMESTAMP), UNIQUE (bookId ASC, genreId ASC));
INSERT INTO books_genres_association VALUES(1,1,2,'2024-01-12 18:05:24');
INSERT INTO books_genres_association VALUES(2,1,3,'2024-01-12 18:05:24');
INSERT INTO books_genres_association VALUES(3,2,3,'2024-01-12 18:05:24');
INSERT INTO books_genres_association VALUES(4,3,3,'2024-01-12 18:05:24');
INSERT INTO books_genres_association VALUES(5,3,4,'2024-01-12 18:05:24');
INSERT INTO books_genres_association VALUES(6,4,5,'2024-01-12 18:05:24');
INSERT INTO books_genres_association VALUES(7,4,6,'2024-01-12 18:05:24');
INSERT INTO books_genres_association VALUES(8,5,4,'2024-01-12 18:05:24');
INSERT INTO books_genres_association VALUES(9,5,7,'2024-01-12 18:05:24');
INSERT INTO books_genres_association VALUES(12,7,5,'2024-01-12 18:05:24');
INSERT INTO books_genres_association VALUES(13,7,8,'2024-01-12 18:05:24');
INSERT INTO books_genres_association VALUES(14,8,3,'2024-01-12 18:05:24');
INSERT INTO books_genres_association VALUES(15,8,4,'2024-01-12 18:05:24');
INSERT INTO books_genres_association VALUES(16,9,4,'2024-01-12 18:05:24');
INSERT INTO books_genres_association VALUES(17,9,9,'2024-01-12 18:05:24');
INSERT INTO books_genres_association VALUES(18,10,4,'2024-01-12 18:05:24');
INSERT INTO books_genres_association VALUES(19,10,10,'2024-01-12 18:05:24');
INSERT INTO books_genres_association VALUES(20,11,6,'2024-01-12 18:05:24');
INSERT INTO books_genres_association VALUES(21,11,11,'2024-01-12 18:05:24');
INSERT INTO books_genres_association VALUES(22,12,1,'2024-01-12 18:05:24');
INSERT INTO books_genres_association VALUES(23,12,2,'2024-01-12 18:05:24');
INSERT INTO books_genres_association VALUES(24,13,7,'2024-01-12 18:05:24');
INSERT INTO books_genres_association VALUES(25,13,10,'2024-01-12 18:05:24');
INSERT INTO books_genres_association VALUES(28,6,5,'2024-01-12 18:16:09');
INSERT INTO books_genres_association VALUES(29,6,6,'2024-01-12 18:16:09');
INSERT INTO books_genres_association VALUES(32,14,1,'2024-03-09 19:45:37');
INSERT INTO books_genres_association VALUES(33,14,12,'2024-03-09 19:45:37');
INSERT INTO books_genres_association VALUES(34,14,2,'2024-03-09 19:45:37');
INSERT INTO books_genres_association VALUES(35,15,4,'2024-07-02 13:32:15');
INSERT INTO books_genres_association VALUES(36,15,10,'2024-07-02 13:32:15');
INSERT INTO books_genres_association VALUES(37,16,13,'2024-07-02 13:33:38');
INSERT INTO books_genres_association VALUES(38,17,2,'2024-08-26 17:55:07');
INSERT INTO books_genres_association VALUES(39,17,13,'2024-08-26 17:55:07');
INSERT INTO books_genres_association VALUES(40,18,2,'2024-09-13 15:19:26');
INSERT INTO books_genres_association VALUES(41,19,2,'2024-09-13 15:28:29');
INSERT INTO books_genres_association VALUES(42,19,3,'2024-09-13 15:28:29');
DELETE FROM sqlite_sequence;
INSERT INTO sqlite_sequence VALUES('books',19);
INSERT INTO sqlite_sequence VALUES('cars',4);
INSERT INTO sqlite_sequence VALUES('genres',13);
INSERT INTO sqlite_sequence VALUES('books_genres_association',42);
INSERT INTO sqlite_sequence VALUES('consumption',283);
COMMIT;
