PRAGMA foreign_keys=OFF;
BEGIN TRANSACTION;
CREATE TABLE IF NOT EXISTS cars (id INTEGER PRIMARY KEY ASC AUTOINCREMENT UNIQUE NOT NULL, displayName TEXT UNIQUE NOT NULL, searchUrl TEXT UNIQUE, isOwned BOOLEAN NOT NULL, created DATETIME DEFAULT (CURRENT_TIMESTAMP) NOT NULL);
INSERT INTO cars VALUES(1,'2014 Toyota Prius',NULL,1,'2024-01-12 18:06:49');
INSERT INTO cars VALUES(2,'2018 Honda Civic Si',NULL,1,'2024-01-12 18:06:49');
INSERT INTO cars VALUES(3,'Mazda Miata ND','https://www.cars.com/shopping/results/?body_style_slugs[]=convertible&dealer_id=&list_price_max=&list_price_min=10000&makes[]=mazda&maximum_distance=all&mileage_max=&models[]=mazda-mx_5_miata&page_size=20&sort=list_price&stock_type=used&transmission_slugs[]=manual&trims[]=mazda-mx_5_miata-club&year_max=&year_min=2016&zip=80206',0,'2024-01-12 18:06:49');
INSERT INTO cars VALUES(4,'2023 Honda Civic Type R',NULL,1,'2024-01-12 18:06:49');
CREATE TABLE IF NOT EXISTS consumption (id INTEGER PRIMARY KEY ASC AUTOINCREMENT, carId INTEGER NOT NULL REFERENCES cars (id), price REAL NOT NULL, gallons REAL NOT NULL, miles REAL NOT NULL, notes TEXT DEFAULT NULL, created DATETIME NOT NULL DEFAULT (CURRENT_TIMESTAMP));
INSERT INTO consumption VALUES(1,1,33.92,9.531,483.3,NULL,'2014-08-29');
INSERT INTO consumption VALUES(2,1,30.51,8.719,458.3,NULL,'2014-09-28');
INSERT INTO consumption VALUES(3,1,27.89,8.206,394.7,NULL,'2014-10-06');
INSERT INTO consumption VALUES(4,1,23.52,7.87,409.3,NULL,'2014-10-30');
INSERT INTO consumption VALUES(5,1,27.68,9.547,438.8,NULL,'2014-11-15');
INSERT INTO consumption VALUES(6,1,23.14,8.208,361.3,NULL,'2014-11-27');
INSERT INTO consumption VALUES(7,1,20.48,7.589,370.8,NULL,'2014-12-04');
INSERT INTO consumption VALUES(8,1,22.99,9.664,456.1,NULL,'2014-12-15');
INSERT INTO consumption VALUES(9,1,18.72,9.557,425,NULL,'2015-01-06');
INSERT INTO consumption VALUES(10,1,14.01,8.058,365.7,NULL,'2015-01-18');
INSERT INTO consumption VALUES(11,1,14.56,8.37,406.9,NULL,'2015-01-29');
INSERT INTO consumption VALUES(12,1,20.07,10.04,473.7,NULL,'2015-02-12');
INSERT INTO consumption VALUES(13,1,19.19,9.142,422.6,NULL,'2015-03-02');
INSERT INTO consumption VALUES(14,1,20.84,9.79,461.3,NULL,'2015-03-20');
INSERT INTO consumption VALUES(15,1,20.55,9.563,479.4,NULL,'2015-04-03');
INSERT INTO consumption VALUES(16,1,21.8,9.826,482.4,NULL,'2015-04-17');
INSERT INTO consumption VALUES(17,1,22.11,9.618,452.2,NULL,'2015-04-28');
INSERT INTO consumption VALUES(18,1,21.24,8.709,451.3,NULL,'2015-05-07');
INSERT INTO consumption VALUES(19,1,25.64,9.94,551.8,NULL,'2015-05-31');
INSERT INTO consumption VALUES(20,1,24.79,9.765,496,NULL,'2015-06-13');
INSERT INTO consumption VALUES(21,1,20.99,8.075,434.2,NULL,'2015-06-26');
INSERT INTO consumption VALUES(22,1,25.47,9.472,497.5,NULL,'2015-07-05');
INSERT INTO consumption VALUES(23,1,35.6,12.393,637.4,NULL,'2015-07-14');
INSERT INTO consumption VALUES(24,1,27.94,9.982,514.3,NULL,'2015-07-31');
INSERT INTO consumption VALUES(25,1,23.89,8.535,444.8,NULL,'2015-08-16');
INSERT INTO consumption VALUES(26,1,22.42,8.127,407.5,NULL,'2015-08-20');
INSERT INTO consumption VALUES(27,1,24.86,8.29,412.7,NULL,'2015-08-29');
INSERT INTO consumption VALUES(28,1,21.59,9.308,473.2,NULL,'2015-10-12');
INSERT INTO consumption VALUES(29,1,19.58,9.795,486,NULL,'2015-10-28');
INSERT INTO consumption VALUES(30,1,14.67,7.893,383.9,NULL,'2015-11-08');
INSERT INTO consumption VALUES(31,1,16.76,9.163,458.2,NULL,'2015-11-22');
INSERT INTO consumption VALUES(32,1,16.96,9.272,422.1,NULL,'2015-12-06');
INSERT INTO consumption VALUES(33,1,17.14,9.858,460,NULL,'2015-12-21');
INSERT INTO consumption VALUES(34,1,15.97,9.184,417,NULL,'2015-12-31');
INSERT INTO consumption VALUES(35,1,15.32,9.124,416.6,NULL,'2016-01-13');
INSERT INTO consumption VALUES(36,1,15.21,9.166,389.6,NULL,'2016-01-18');
INSERT INTO consumption VALUES(37,1,14.34,8.752,411.1,NULL,'2016-01-28');
INSERT INTO consumption VALUES(38,1,12.95,8.818,423.6,NULL,'2016-02-14');
INSERT INTO consumption VALUES(39,1,15.62,9.77,462.3,NULL,'2016-03-02');
INSERT INTO consumption VALUES(40,1,19.13,10.072,498.9,NULL,'2016-03-17');
INSERT INTO consumption VALUES(41,1,18.72,9.856,479.8,NULL,'2016-04-04');
INSERT INTO consumption VALUES(42,1,18.68,9.535,461.3,NULL,'2016-04-20');
INSERT INTO consumption VALUES(43,1,18.26,8.7,440.2,NULL,'2016-05-04');
INSERT INTO consumption VALUES(44,1,19.17,9.309,441.5,NULL,'2016-05-15');
INSERT INTO consumption VALUES(45,1,19.72,8.969,475.2,NULL,'2016-06-21');
INSERT INTO consumption VALUES(46,1,12.87,5.854,308.9,NULL,'2016-07-01');
INSERT INTO consumption VALUES(47,1,18.42,7.945,356.9,NULL,'2016-07-04');
INSERT INTO consumption VALUES(48,1,20.88,9.409,498.6,NULL,'2016-07-09');
INSERT INTO consumption VALUES(49,1,14.25,6.723,342.2,NULL,'2016-07-22');
INSERT INTO consumption VALUES(50,1,17.96,9.123,458.1,NULL,'2016-07-28');
INSERT INTO consumption VALUES(51,1,17.3,9.06,478.2,NULL,'2016-08-12');
INSERT INTO consumption VALUES(52,1,17.14,7.652,355.5,NULL,'2016-08-14');
INSERT INTO consumption VALUES(53,1,20.35,10.495,541.1,NULL,'2016-08-20');
INSERT INTO consumption VALUES(54,1,15.03,7.373,391,NULL,'2016-09-03');
INSERT INTO consumption VALUES(55,1,19.42,9.077,472.4,NULL,'2016-09-15');
INSERT INTO consumption VALUES(56,1,13.96,7.163,386.4,NULL,'2016-09-30');
INSERT INTO consumption VALUES(57,1,18.99,9.048,425.2,NULL,'2016-10-04');
INSERT INTO consumption VALUES(58,1,19.93,9.584,510.5,NULL,'2016-10-21');
INSERT INTO consumption VALUES(59,1,7.71,4.193,217.8,NULL,'2016-11-05');
INSERT INTO consumption VALUES(60,1,15.04,8.454,428.1,NULL,'2016-11-20');
INSERT INTO consumption VALUES(61,1,14.72,8.273,386.7,NULL,'2016-11-30');
INSERT INTO consumption VALUES(62,1,19.92,9.965,464.6,NULL,'2016-12-12');
INSERT INTO consumption VALUES(63,1,20.75,9.61,429,NULL,'2016-12-27');
INSERT INTO consumption VALUES(64,1,13.68,6.699,307,NULL,'2017-01-14');
INSERT INTO consumption VALUES(65,1,18.51,8.615,414.2,NULL,'2017-01-28');
INSERT INTO consumption VALUES(66,1,12.7,6.419,313.5,NULL,'2017-02-04');
INSERT INTO consumption VALUES(67,1,20.68,9.668,512.7,NULL,'2017-03-28');
INSERT INTO consumption VALUES(68,1,19.2,8.653,436,NULL,'2017-04-22');
INSERT INTO consumption VALUES(69,1,19.19,8.345,387.4,'inflated tires','2017-05-02');
INSERT INTO consumption VALUES(70,1,21.82,10.01,450.8,'inflated tires','2017-05-20');
INSERT INTO consumption VALUES(71,1,10.7,4.656,248.2,NULL,'2017-05-27');
INSERT INTO consumption VALUES(72,1,17.69,7.972,376.7,'Drove to Buena Vista','2017-06-03');
INSERT INTO consumption VALUES(73,1,11.64,5.245,268.1,NULL,'2017-06-11');
INSERT INTO consumption VALUES(74,1,22.03,9.797,514.5,NULL,'2017-06-28');
INSERT INTO consumption VALUES(75,1,16.71,8.117,386.1,'Drove to Navajo','2017-07-08');
INSERT INTO consumption VALUES(76,1,20.35,9.882,497.7,NULL,'2017-07-23');
INSERT INTO consumption VALUES(77,1,8.62,4.107,218.3,NULL,'2017-07-30');
INSERT INTO consumption VALUES(78,1,7.11,3.291,174.8,NULL,'2017-08-03');
INSERT INTO consumption VALUES(79,1,13.28,6.24,316.8,NULL,'2017-08-19');
INSERT INTO consumption VALUES(80,1,21.28,9.336,471.4,NULL,'2017-09-02');
INSERT INTO consumption VALUES(81,1,16.76,7.554,385.8,NULL,'2017-09-24');
INSERT INTO consumption VALUES(82,1,21.39,10.002,481.2,NULL,'2017-10-10');
INSERT INTO consumption VALUES(83,1,12.72,5.89,293.9,NULL,'2017-10-21');
INSERT INTO consumption VALUES(84,1,13.2,5.389,253.7,NULL,'2017-10-27');
INSERT INTO consumption VALUES(85,1,23.62,9.265,381.7,NULL,'2017-10-29');
INSERT INTO consumption VALUES(86,1,21.13,9.071,445.3,NULL,'2017-11-04');
INSERT INTO consumption VALUES(87,1,20.49,8.798,415.4,'TIRE PRESSURE LOW','2017-11-18');
INSERT INTO consumption VALUES(88,1,22.77,9.821,480.6,'TIRE PRESSURE LOW','2017-11-29');
INSERT INTO consumption VALUES(89,1,17.74,8.067,384.1,'changed tires','2017-12-21');
INSERT INTO consumption VALUES(90,1,16.09,7.351,360.6,NULL,'2017-12-30');
INSERT INTO consumption VALUES(91,1,16.31,7.487,370.5,NULL,'2018-01-14');
INSERT INTO consumption VALUES(92,1,18.53,8.059,394.2,'tire puncture','2018-02-04');
INSERT INTO consumption VALUES(93,1,18.75,8.566,408.3,NULL,'2018-02-25');
INSERT INTO consumption VALUES(94,1,19.1,8.609,427,NULL,'2018-03-10');
INSERT INTO consumption VALUES(95,1,19.22,8.044,420.2,NULL,'2018-04-04');
INSERT INTO consumption VALUES(96,1,16.49,6.735,336.6,NULL,'2018-04-29');
INSERT INTO consumption VALUES(97,1,24.47,9.562,475.3,NULL,'2018-05-12');
INSERT INTO consumption VALUES(98,1,17.23,6.455,314,NULL,'2018-05-27');
INSERT INTO consumption VALUES(99,1,23.06,8.739,448.2,NULL,'2018-06-09');
INSERT INTO consumption VALUES(100,1,22.87,8.699,457.9,NULL,'2018-06-24');
INSERT INTO consumption VALUES(101,1,10.04,3.654,188.5,NULL,'2018-06-30');
INSERT INTO consumption VALUES(102,1,25.36,8.572,389.5,'Drove to Navajo','2018-07-03');
INSERT INTO consumption VALUES(103,1,23.64,9.095,436,'Drove to mountains','2018-07-15');
INSERT INTO consumption VALUES(104,1,16.98,6.663,344.4,NULL,'2018-07-28');
INSERT INTO consumption VALUES(105,1,25.04,9.348,476.4,'Drove to mountains','2018-08-09');
INSERT INTO consumption VALUES(106,1,24.7,9.54,463.1,NULL,'2018-08-18');
INSERT INTO consumption VALUES(107,1,13.05,5.023,265.6,NULL,'2018-08-26');
INSERT INTO consumption VALUES(108,1,19.41,7.113,368.4,NULL,'2018-09-23');
INSERT INTO consumption VALUES(109,1,22.01,7.979,403,NULL,'2018-09-30');
INSERT INTO consumption VALUES(110,1,27.54,9.666,475.3,NULL,'2018-10-13');
INSERT INTO consumption VALUES(111,1,21.87,8.103,399.2,NULL,'2018-10-27');
INSERT INTO consumption VALUES(112,1,18.3,8.101,361.7,'winter tires','2018-11-25');
INSERT INTO consumption VALUES(113,1,17.37,8.275,396,NULL,'2018-12-09');
INSERT INTO consumption VALUES(114,1,16.27,8.303,406.8,NULL,'2018-12-28');
INSERT INTO consumption VALUES(115,1,17.05,9.17,432.4,NULL,'2019-01-14');
INSERT INTO consumption VALUES(116,1,18.87,9.936,439.8,'E15 gas','2019-02-08');
INSERT INTO consumption VALUES(117,1,12.33,6.635,338.5,NULL,'2019-02-16');
INSERT INTO consumption VALUES(118,1,16.91,8.547,414.2,NULL,'2019-03-03');
INSERT INTO consumption VALUES(119,1,21.91,9.408,436.1,NULL,'2019-04-02');
INSERT INTO consumption VALUES(120,1,22.37,8.952,442.5,NULL,'2019-05-05');
INSERT INTO consumption VALUES(121,1,20.24,7.878,393.9,NULL,'2019-05-19');
INSERT INTO consumption VALUES(122,1,21.54,8.417,409.9,NULL,'2019-05-28');
INSERT INTO consumption VALUES(123,1,24.49,9.352,462.8,NULL,'2019-06-24');
INSERT INTO consumption VALUES(124,1,27.22,9.137,438.9,NULL,'2019-07-27');
INSERT INTO consumption VALUES(125,1,22.1,10.141,410.7,'Guernsey','2019-08-18');
INSERT INTO consumption VALUES(126,1,30.39,9.561,318.4,NULL,'2019-10-06');
INSERT INTO consumption VALUES(127,2,26.05,9.111,330.9,NULL,'2019-10-06');
INSERT INTO consumption VALUES(128,2,24.96,8.465,293.7,NULL,'2019-10-06');
INSERT INTO consumption VALUES(129,2,29.34,10.117,331.2,NULL,'2019-10-15');
INSERT INTO consumption VALUES(130,2,31.4,10.649,313.9,NULL,'2019-11-03');
INSERT INTO consumption VALUES(131,2,20.88,7.106,239.3,NULL,'2019-11-10');
INSERT INTO consumption VALUES(132,2,20.14,6.692,206.1,NULL,'2019-11-17');
INSERT INTO consumption VALUES(133,2,17.18,5.709,171.5,NULL,'2019-11-24');
INSERT INTO consumption VALUES(134,2,16.85,5.617,174.1,NULL,'2019-11-30');
INSERT INTO consumption VALUES(135,2,24.53,8.18,248.8,NULL,'2019-12-08');
INSERT INTO consumption VALUES(136,2,28.35,9.951,307.3,NULL,'2019-12-17');
INSERT INTO consumption VALUES(137,2,17.05,5.963,188.6,NULL,'2019-12-22');
INSERT INTO consumption VALUES(138,2,17.54,6.266,203,NULL,'2019-12-26');
INSERT INTO consumption VALUES(139,2,19.42,6.071,214.8,'Drove to Del Norte','2019-12-28');
INSERT INTO consumption VALUES(140,2,26.75,9.695,370.1,'Drove to Del Norte ','2020-01-02');
INSERT INTO consumption VALUES(141,2,29.61,10.969,331.1,NULL,'2020-01-12');
INSERT INTO consumption VALUES(142,2,23.05,8.667,290.5,NULL,'2020-01-20');
INSERT INTO consumption VALUES(143,2,16.58,6.258,191.8,NULL,'2020-01-26');
INSERT INTO consumption VALUES(144,2,24.96,9.793,295,NULL,'2020-02-02');
INSERT INTO consumption VALUES(145,2,24.84,9.669,294.1,NULL,'2020-02-16');
INSERT INTO consumption VALUES(146,2,24.83,9.74,304.3,NULL,'2020-02-27');
INSERT INTO consumption VALUES(147,2,11.71,6.656,205.1,NULL,'2020-03-16');
INSERT INTO consumption VALUES(148,2,13.9,7.093,222.5,NULL,'2020-03-25');
INSERT INTO consumption VALUES(149,2,10.74,5.48,168,NULL,'2020-03-30');
INSERT INTO consumption VALUES(150,2,16.52,10.016,334.1,NULL,'2020-04-18');
INSERT INTO consumption VALUES(151,2,7.95,5.002,159.8,NULL,'2020-05-02');
INSERT INTO consumption VALUES(152,2,13.79,7.706,259.8,NULL,'2020-05-14');
INSERT INTO consumption VALUES(153,2,22.89,9.705,366.5,'Utah','2020-05-15');
INSERT INTO consumption VALUES(154,2,4.55,2.696,92.8,NULL,'2020-05-17');
INSERT INTO consumption VALUES(155,2,15.67,8.566,357.7,'Utah drive','2020-05-18');
INSERT INTO consumption VALUES(156,2,11.19,5.486,198.1,NULL,'2020-05-23');
INSERT INTO consumption VALUES(157,2,14.47,4.991,186.7,NULL,'2020-05-29');
INSERT INTO consumption VALUES(158,2,28.45,10.948,171.9,'Track day','2020-05-29');
INSERT INTO consumption VALUES(159,2,21.9,9.204,322.5,NULL,'2020-06-07');
INSERT INTO consumption VALUES(160,2,22.11,7.627,238.6,NULL,'2020-06-25');
INSERT INTO consumption VALUES(161,2,19.84,7.351,158.3,'Track day ','2020-06-28');
INSERT INTO consumption VALUES(162,2,31.58,10.195,318.5,NULL,'2020-07-13');
INSERT INTO consumption VALUES(163,2,23.12,8.695,271.4,NULL,'2020-07-26');
INSERT INTO consumption VALUES(164,2,24.29,9,288.9,NULL,'2020-08-05');
INSERT INTO consumption VALUES(165,2,27.08,10.584,328.2,NULL,'2020-08-22');
INSERT INTO consumption VALUES(166,2,19.62,7.759,271.4,NULL,'2020-09-12');
INSERT INTO consumption VALUES(167,2,17.47,6.714,220.2,NULL,'2020-09-29');
INSERT INTO consumption VALUES(168,2,12.28,4.55,141,NULL,'2020-10-09');
INSERT INTO consumption VALUES(169,2,20.46,7.58,102,NULL,'2020-10-09');
INSERT INTO consumption VALUES(170,2,21.34,8.933,313.7,NULL,'2020-10-14');
INSERT INTO consumption VALUES(171,2,18,7.966,246.5,NULL,'2020-11-02');
INSERT INTO consumption VALUES(172,2,20.29,9.227,297.8,NULL,'2020-11-13');
INSERT INTO consumption VALUES(173,2,16.81,6.323,92.8,'Track day','2020-11-15');
INSERT INTO consumption VALUES(174,2,17.45,6.562,225.3,NULL,'2020-11-21');
INSERT INTO consumption VALUES(175,2,12.63,4.75,74.5,'Track day','2020-11-21');
INSERT INTO consumption VALUES(176,2,15.27,7.141,223.6,NULL,'2020-11-29');
INSERT INTO consumption VALUES(177,2,20.38,8.863,278.3,NULL,'2020-12-08');
INSERT INTO consumption VALUES(178,2,12.65,5.407,177.4,NULL,'2020-12-13');
INSERT INTO consumption VALUES(179,2,25.11,10.689,381.2,NULL,'2020-12-20');
INSERT INTO consumption VALUES(180,2,26.37,10.636,372.1,NULL,'2021-01-04');
INSERT INTO consumption VALUES(181,2,19.54,7.916,240.1,NULL,'2021-01-24');
INSERT INTO consumption VALUES(182,2,20.25,8.104,266.1,NULL,'2021-02-07');
INSERT INTO consumption VALUES(183,2,22.16,8.21,237.9,'New tires (low psi)','2021-02-21');
INSERT INTO consumption VALUES(184,2,24.06,7.384,260,'Drove to mountains','2021-02-27');
INSERT INTO consumption VALUES(185,2,25.7,8.895,300.3,NULL,'2021-03-07');
INSERT INTO consumption VALUES(186,2,29.46,9.662,310.2,NULL,'2021-03-21');
INSERT INTO consumption VALUES(187,2,31.79,10.427,322.1,NULL,'2021-04-05');
INSERT INTO consumption VALUES(188,2,41.1,12.393,378.1,NULL,'2021-05-07');
INSERT INTO consumption VALUES(189,2,28.47,8.929,280.4,NULL,'2021-05-16');
INSERT INTO consumption VALUES(190,2,36.73,11.133,307.8,NULL,'2021-06-13');
INSERT INTO consumption VALUES(191,2,11.26,3.414,104.5,NULL,'2021-06-20');
INSERT INTO consumption VALUES(192,2,30.39,7.599,221.9,NULL,'2021-07-10');
INSERT INTO consumption VALUES(193,2,39.11,10.461,370,NULL,'2021-07-17');
INSERT INTO consumption VALUES(194,2,47.59,12.539,434.2,NULL,'2021-07-27');
INSERT INTO consumption VALUES(195,2,27.88,7.339,216,NULL,'2021-08-08');
INSERT INTO consumption VALUES(196,2,25.94,6.829,197.6,NULL,'2021-08-22');
INSERT INTO consumption VALUES(197,2,27.47,7.347,220.1,NULL,'2021-09-05');
INSERT INTO consumption VALUES(198,2,35.77,10.107,318.4,NULL,'2021-09-18');
INSERT INTO consumption VALUES(199,2,37.45,10.826,330.6,NULL,'2021-10-08');
INSERT INTO consumption VALUES(200,2,33.79,9.769,287.3,NULL,'2021-10-28');
INSERT INTO consumption VALUES(201,2,39.85,11.43,345.7,NULL,'2021-11-16');
INSERT INTO consumption VALUES(202,2,32.71,10.355,287.7,NULL,'2021-12-16');
INSERT INTO consumption VALUES(203,2,22.24,7.176,237.3,NULL,'2021-12-23');
INSERT INTO consumption VALUES(204,2,25.4,5.749,186.7,NULL,'2021-12-25');
INSERT INTO consumption VALUES(205,2,20.79,5.857,214,NULL,'2021-12-25');
INSERT INTO consumption VALUES(206,2,29.14,8.143,294.5,'Drive to lovington','2021-12-27');
INSERT INTO consumption VALUES(207,2,22.54,5.981,211.2,NULL,'2021-12-28');
INSERT INTO consumption VALUES(208,2,38.67,11.89,406.9,NULL,'2021-12-30');
INSERT INTO consumption VALUES(209,2,30.88,9.446,278.5,NULL,'2022-01-13');
INSERT INTO consumption VALUES(210,2,23,7,207,NULL,'2022-01-28');
INSERT INTO consumption VALUES(211,2,35,9,338,NULL,'2022-01-30');
INSERT INTO consumption VALUES(214,2,45.11,12.4,344.6,NULL,'2022-03-04');
INSERT INTO consumption VALUES(215,2,38.27,9.113,268.4,NULL,'2022-03-18');
INSERT INTO consumption VALUES(216,2,32.11,7.703,245.4,NULL,'2022-03-26');
INSERT INTO consumption VALUES(217,2,53.51,12.69,405.4,NULL,'2022-04-17');
INSERT INTO consumption VALUES(218,2,49.61,11.854,359.7,NULL,'2022-05-12');
INSERT INTO consumption VALUES(219,2,40.66,8.9,263.1,NULL,'2022-06-02');
INSERT INTO consumption VALUES(220,2,41.92,8.221,255.9,NULL,'2022-06-16');
INSERT INTO consumption VALUES(221,2,53.88,10.567,329.5,NULL,'2022-06-30');
INSERT INTO consumption VALUES(222,2,45.16,9.651,302,NULL,'2022-07-28');
INSERT INTO consumption VALUES(223,2,23.89,4.978,133,NULL,'2022-08-04');
INSERT INTO consumption VALUES(224,2,26.11,6.277,210.5,NULL,'2022-08-11');
INSERT INTO consumption VALUES(225,2,26.31,6.497,203.6,NULL,'2022-08-25');
INSERT INTO consumption VALUES(226,2,15.48,3.951,124.8,NULL,'2022-09-01');
INSERT INTO consumption VALUES(227,2,44.18,10.943,344.1,NULL,'2022-09-29');
INSERT INTO consumption VALUES(228,2,40.62,10.835,323.3,NULL,'2022-10-20');
INSERT INTO consumption VALUES(229,2,38.79,11.119,313.5,NULL,'2022-11-17');
INSERT INTO consumption VALUES(230,2,20.14,5.961,169.8,NULL,'2022-11-26');
INSERT INTO consumption VALUES(231,2,30.63,9.885,279.1,NULL,'2022-12-11');
INSERT INTO consumption VALUES(232,2,15.49,5.131,151.3,NULL,'2022-12-18');
INSERT INTO consumption VALUES(233,2,15.49,5.131,151.3,NULL,'2022-12-18');
INSERT INTO consumption VALUES(234,2,33.84,10.78,282.2,NULL,'2023-01-07');
INSERT INTO consumption VALUES(236,2,52.22,11.747,323.7,NULL,'2023-02-24');
INSERT INTO consumption VALUES(237,2,35.62,8.523,235.2,NULL,'2023-03-10');
INSERT INTO consumption VALUES(238,2,38.48,10.182,300.4,NULL,'2023-03-27');
INSERT INTO consumption VALUES(239,2,34.05,9.732,297,NULL,'2023-04-10');
INSERT INTO consumption VALUES(240,2,35.71,10.006,281.2,NULL,'2023-04-30');
INSERT INTO consumption VALUES(241,2,27.39,8.329,226.7,NULL,'2023-05-20');
INSERT INTO consumption VALUES(242,2,33.08,9.066,283,NULL,'2023-06-18');
INSERT INTO consumption VALUES(243,2,21.76,5.962,185.8,NULL,'2023-06-25');
INSERT INTO consumption VALUES(244,2,24.64,6.385,198.1,NULL,'2023-07-09');
INSERT INTO consumption VALUES(245,2,43.66,10.917,332,NULL,'2023-07-30');
INSERT INTO consumption VALUES(246,2,25.5,6.131,198.2,NULL,'2023-08-13');
INSERT INTO consumption VALUES(247,2,35.37,8.363,294,'Drove to mountains','2023-08-20');
INSERT INTO consumption VALUES(248,2,43.61,10.639,318.5,NULL,'2023-09-20');
INSERT INTO consumption VALUES(249,2,21.43,5.642,193.2,NULL,'2023-09-24');
INSERT INTO consumption VALUES(250,2,37.2,10.54,307,NULL,'2023-10-15');
INSERT INTO consumption VALUES(251,2,31.48,9.84,288.4,NULL,'2023-11-12');
INSERT INTO consumption VALUES(252,2,27.05,9.021,271.2,NULL,'2023-12-03');
INSERT INTO consumption VALUES(253,2,14.79,5.211,149.3,NULL,'2023-12-10');
INSERT INTO consumption VALUES(254,4,25.76,9.203,202,NULL,'2023-12-15');
INSERT INTO consumption VALUES(255,4,17.01,6.077,159.4,NULL,'2023-12-17');
INSERT INTO consumption VALUES(256,4,26.6,9.175,225.4,NULL,'2023-12-21');
INSERT INTO consumption VALUES(257,4,11.88,4.157,95.2,NULL,'2023-12-24');
INSERT INTO consumption VALUES(258,4,26.53,9.216,214.6,NULL,'2023-12-31');
INSERT INTO consumption VALUES(259,4,27.69,9.824,227.9,NULL,'2024-01-07');
INSERT INTO consumption VALUES(260,4,18.89,6.749,146.9,NULL,'2024-01-14 17:24:33');
INSERT INTO consumption VALUES(262,4,26.99,8.133,170.5,NULL,'2024-03-10 17:37:11');
INSERT INTO consumption VALUES(264,4,14.61,4.26,95.5,NULL,'2024-03-24 17:24:32');
INSERT INTO consumption VALUES(265,4,24.24,7.008,149.1,NULL,'2024-04-15 14:45:56');
INSERT INTO consumption VALUES(266,4,28.72,7.423,155.3,NULL,'2024-04-24 19:48:58');
INSERT INTO consumption VALUES(267,4,17.81,5.398,131.5,NULL,'2024-04-28 17:44:48');
INSERT INTO consumption VALUES(268,4,21.61,6.265,131.7,NULL,'2024-05-05 16:02:11');
INSERT INTO consumption VALUES(269,4,20.5,5.997,135.2,NULL,'2024-05-12 16:43:31');
INSERT INTO consumption VALUES(270,4,16.21,4.313,108,NULL,'2024-05-16 17:57:42');
INSERT INTO consumption VALUES(271,4,32.18,8.56,101.2,NULL,'2024-05-16 23:03:32');
INSERT INTO consumption VALUES(272,4,33.82,9.949,226.1,NULL,'2024-06-01 13:38:35');
INSERT INTO consumption VALUES(273,4,32.48,9.697,211.2,NULL,'2024-06-15 02:47:10');
INSERT INTO consumption VALUES(274,4,18.46,5.431,136.1,NULL,'2024-06-16 20:33:51');
INSERT INTO consumption VALUES(275,4,30.43,8.361,176.1,NULL,'2024-06-30 20:15:42');
INSERT INTO consumption VALUES(276,4,34.37,9.471,202,NULL,'2024-07-14 18:02:00');
INSERT INTO consumption VALUES(277,4,21.17,5.964,127.5,NULL,'2024-07-21 18:09:11');
INSERT INTO consumption VALUES(278,4,36.86,10.158,251.3,NULL,'2024-07-28 18:23:06');
INSERT INTO consumption VALUES(279,4,29.69,8.049,180,NULL,'2024-08-04 15:00:22');
INSERT INTO consumption VALUES(280,4,39.64,10.574,264.3,NULL,'2024-08-14 00:36:59');
INSERT INTO consumption VALUES(281,4,28.16,7.696,165.5,NULL,'2024-09-01 17:17:50');
INSERT INTO consumption VALUES(282,4,36.23,10.209,224,NULL,'2024-09-15 17:11:34');
INSERT INTO consumption VALUES(283,4,39.74,11.041,261.3,NULL,'2024-09-29 22:48:34');
INSERT INTO consumption VALUES(284,4,30.46,8.805,194.2,NULL,'2024-10-13 17:35:47');
INSERT INTO consumption VALUES(285,4,29.96,9.221,244.7,NULL,'2024-10-18 19:31:54');
INSERT INTO consumption VALUES(286,4,26.44,8.088,169.1,NULL,'2024-10-29 00:11:13');
INSERT INTO consumption VALUES(287,4,12.94,3.946,87.8,NULL,'2024-11-03 17:51:17');
INSERT INTO consumption VALUES(288,4,22.22,6.696,159.7,NULL,'2024-11-12 00:14:52');
INSERT INTO consumption VALUES(289,4,10.73,3.42,67.5,NULL,'2024-11-16 17:18:38');
INSERT INTO consumption VALUES(290,4,30.76,9.767,299.1,'Mountains ','2024-11-18 00:57:27');
INSERT INTO consumption VALUES(291,4,22.88,6.731,152.8,NULL,'2024-11-25 23:15:30');
INSERT INTO consumption VALUES(292,4,20.28,6.522,161,NULL,'2024-11-29 19:38:13');
INSERT INTO consumption VALUES(293,4,19.98,6.552,163.7,NULL,'2024-12-03 00:18:54');
INSERT INTO consumption VALUES(294,4,25.54,8.009,180,NULL,'2024-12-17 17:11:09');
INSERT INTO consumption VALUES(295,4,26.53,8.507,195.3,NULL,'2024-12-27 23:41:00');
INSERT INTO consumption VALUES(296,4,26.62,8.401,193.4,NULL,'2025-01-06 23:30:05');
INSERT INTO consumption VALUES(297,4,32.46,10.053,221.9,NULL,'2025-01-18 18:26:59');
INSERT INTO consumption VALUES(298,4,22.16,6.579,141.2,NULL,'2025-01-24 19:54:25');
INSERT INTO consumption VALUES(299,4,22.21,6.733,146.3,NULL,'2025-01-30 19:53:26');
INSERT INTO consumption VALUES(300,4,29.44,8.923,281.4,'Mountains','2025-01-31 20:44:05');
INSERT INTO consumption VALUES(301,4,37.79,10.958,232.5,NULL,'2025-02-21 23:54:14');
INSERT INTO consumption VALUES(302,4,24.08,7.481,167.9,NULL,'2025-03-03 23:47:16');
INSERT INTO consumption VALUES(303,4,36.02,10.009,217.2,NULL,'2025-03-18 13:23:39');
INSERT INTO consumption VALUES(304,4,31.14,9.585,226.1,NULL,'2025-03-30 19:12:35');
INSERT INTO consumption VALUES(305,4,26.42,8.336,170.4,NULL,'2025-04-17 20:42:28');
INSERT INTO consumption VALUES(306,4,10.77,3.388,80.4,NULL,'2025-04-21 16:02:52');
INSERT INTO consumption VALUES(307,4,30.87,9.3,213.8,NULL,'2025-05-03 15:18:04');
INSERT INTO consumption VALUES(308,4,25.5,7.57,177.6,NULL,'2025-05-10 15:16:55');
INSERT INTO consumption VALUES(309,4,33.61,10.005,248.2,NULL,'2025-05-23 00:33:14');
INSERT INTO consumption VALUES(310,4,31.57,9.869,214.7,NULL,'2025-06-08 20:06:58');
INSERT INTO consumption VALUES(311,4,50.95,15.607,357.4,NULL,'2025-07-11 03:21:46');
INSERT INTO consumption VALUES(312,4,25.52,8.079,168.7,NULL,'2025-07-19 23:09:59');
INSERT INTO consumption VALUES(313,4,17.04,5.497,148.7,NULL,'2025-07-23 02:35:20');
INSERT INTO consumption VALUES(314,4,22.22,5.698,158.8,NULL,'2025-07-25 23:11:02');
INSERT INTO consumption VALUES(315,4,25.85,6.629,189.3,NULL,'2025-07-27 17:02:22');
INSERT INTO consumption VALUES(316,4,22.8,6.997,202.3,NULL,'2025-08-03 18:37:23');
CREATE TABLE IF NOT EXISTS genres (id INTEGER PRIMARY KEY ASC AUTOINCREMENT, description TEXT UNIQUE NOT NULL, created DATETIME NOT NULL DEFAULT (CURRENT_TIMESTAMP));
INSERT INTO genres VALUES(1,'Astrophysics','2024-01-12 17:54:53');
INSERT INTO genres VALUES(2,'Science','2024-01-12 17:54:53');
INSERT INTO genres VALUES(3,'Comedy','2024-01-12 17:54:53');
INSERT INTO genres VALUES(4,'Adult','2024-01-12 17:54:53');
INSERT INTO genres VALUES(5,'Mystery','2024-01-12 17:54:53');
INSERT INTO genres VALUES(6,'Thriller','2024-01-12 17:54:53');
INSERT INTO genres VALUES(7,'History','2024-01-12 17:54:53');
INSERT INTO genres VALUES(8,'Adventure','2024-01-12 17:54:53');
INSERT INTO genres VALUES(9,'Politics','2024-01-12 17:54:53');
INSERT INTO genres VALUES(10,'Biographical','2024-01-12 17:54:53');
INSERT INTO genres VALUES(11,'Sci-Fi','2024-01-12 17:54:53');
INSERT INTO genres VALUES(12,'Philosophy','2024-03-09 19:44:34');
INSERT INTO genres VALUES(13,'Documentary','2024-07-02 13:32:58');
INSERT INTO genres VALUES(14,'Informational','2025-01-18 21:24:02');
INSERT INTO genres VALUES(15,'Psychology','2025-06-02 19:38:05');
INSERT INTO genres VALUES(17,'Finance','2025-07-21 13:19:59');
CREATE TABLE IF NOT EXISTS books (id INTEGER PRIMARY KEY ASC AUTOINCREMENT, title TEXT NOT NULL, author TEXT NOT NULL, pages INTEGER NOT NULL, rating INTEGER NOT NULL, isFiction BOOLEAN NOT NULL, publishDate DATETIME, review TEXT, created DATETIME DEFAULT (CURRENT_TIMESTAMP) NOT NULL);
INSERT INTO books VALUES(1,'What If? 2','Randall Munroe',270,5,'f',NULL,'','2023-08-28');
INSERT INTO books VALUES(2,'When to Rob a Bank','Steven D. Levitt',351,4,'f',NULL,'','2023-08-28');
INSERT INTO books VALUES(3,'Chilean Poet','Alejandro Zambra',320,5,'f',NULL,'','2023-08-28');
INSERT INTO books VALUES(4,'The Paris Aparment','Lucy Foley',285,4,'t',NULL,'','2023-08-28');
INSERT INTO books VALUES(5,'The Nineties','Chuck Klosterman',364,4,'f',NULL,'','2023-08-28');
INSERT INTO books VALUES(6,'Recursion','Blake Crouch',267,4,0,NULL,NULL,'2023-08-28');
INSERT INTO books VALUES(7,'Fairy Tale','Stephen King',432,4,'t',NULL,'','2023-08-28');
INSERT INTO books VALUES(8,'Disorientation','Elaine Hsieh Chou',296,4,'f',NULL,'','2023-08-28');
INSERT INTO books VALUES(9,'Battling the Big Lie','Dan Pfeiffer',386,5,'f',NULL,'','2023-08-28');
INSERT INTO books VALUES(10,'Scoundrel','Sarah Weinman',423,5,'f',NULL,'Fascinating book about a sociopath','2023-08-28');
INSERT INTO books VALUES(11,'Three Body Problem','Cixin Liu',472,3,'t',NULL,'Ending was good.  First 3/4 of the book were not very interesting.  Story was hard to follow with all chinese character names.','2023-10-06');
INSERT INTO books VALUES(12,'The Elegant Universe','Brian Greene',389,4,'f',NULL,'Good book but you can get lost in some places.','2023-11-19');
INSERT INTO books VALUES(13,'Going Infinite','Michael Lewis',288,5,'f',NULL,'Consummate story teller','2024-01-12');
INSERT INTO books VALUES(14,'The Order of Time','Carlo Rovelli',224,2,0,NULL,'Too much philosophy and not enough science.  Too abstract.','2024-03-09 19:45:25');
INSERT INTO books VALUES(15,'Only Say Good Things','Crystal Hefner',205,3,0,NULL,'Expected but eye opening book.','2024-07-02 13:32:15');
INSERT INTO books VALUES(16,'Omnivore''s Dilemma','Michael Pollan',463,4,0,NULL,'Good book - section on foraging/hunting was a little dry.','2024-07-02 13:33:38');
INSERT INTO books VALUES(17,'Fire Weather: A True Story from a Hotter World','John Vaillant',432,5,0,NULL,'Great book about Fort McMurray and climate science and its affects.','2024-08-26 17:55:07');
INSERT INTO books VALUES(18,'In Defense of Food','Michael Pollan',205,5,0,NULL,'Great quick read about the dangers of nutritionism and eating whole foods.','2024-09-13 15:19:26');
INSERT INTO books VALUES(19,'Math with Bad Drawings','Ben Orlin',376,5,0,NULL,'Smart, funny, and insightful book about the nuances of life and relation to math.','2024-09-13 15:28:29');
INSERT INTO books VALUES(20,'Beautyland','Marie-Helene Burtino',336,3,0,NULL,'Very distinctive writing style.  Good book about reflections of human life and intracacies.  ','2024-10-25 20:36:31');
INSERT INTO books VALUES(21,'Eruption','Michael Crichton',432,4,1,NULL,'Entertaining book that had good pace.','2024-12-01 15:46:34');
INSERT INTO books VALUES(22,'Phantom Orbit','David Ignatius',384,4,1,NULL,'Fascinating interplay between real events and fictional story. ','2024-12-18 01:29:18');
INSERT INTO books VALUES(23,'Rental House','Weike Wang',224,4,1,'2024-12-03','I gave it 4 stars - I wouldn’t read it again.  I like the writing style as it was very entertaining but I didn’t get the point.  It just seemed like a tragic comedy of a millennial biracial couple. ','2024-12-23 22:02:28');
INSERT INTO books VALUES(24,'You Are Not So Smart','David McRaney',302,3,0,NULL,'Decently good psychology book that goes over many of the biases you experience on a daily basis and other fallacies.','2025-01-18 21:25:39');
INSERT INTO books VALUES(25,'You Like It Darker','Stephen King',502,5,1,'2024-05-21','A collection of short stories.  Overall pretty engaging and interesting stories.  Nothing groundbreaking but it was a page turner and i would definitely read again for entertainment. ','2025-03-11 14:47:11');
INSERT INTO books VALUES(26,'A Talent for Murder','Peter Swanson',255,5,1,'2024-06-10','I thought it was just a good entertaining read! keeps your attention and has good pace!','2025-04-04 14:00:35');
INSERT INTO books VALUES(27,'The Anxious Generation','Jonathan Haidt',400,5,0,'2025-03-26','I''m not normally a fan of pyschology books but this one was really good.  No need to read again but it was very insightful about the dangers of phones and social media to young kids. ','2025-06-02 19:39:23');
INSERT INTO books VALUES(28,'The God of the Woods','Liz Moore',490,5,1,'2024-07-02','Really entertaining and captivating book with lots of twists and turns.','2025-07-06 14:25:53');
INSERT INTO books VALUES(29,'Die With Zero','Bill Perkins',240,3,0,'2020-07-28','A good concept but from the perspective of someone who doesn''t need to save another penny for his life. So of course he wants to invest in experiences.  I''m not sure who the targes audience is: I would imagine not too many 20 somethings would read this book but the messages of risk taking and investing in life experiences are directed towards that cohort.  But it is never too late to start. ','2025-07-21 13:19:50');
CREATE TABLE IF NOT EXISTS books_genres_association (id INTEGER PRIMARY KEY ASC AUTOINCREMENT, bookId INTEGER NOT NULL REFERENCES books (id) ON DELETE RESTRICT, genreId INTEGER NOT NULL REFERENCES genres (id) ON DELETE RESTRICT, created DATETIME NOT NULL DEFAULT (CURRENT_TIMESTAMP), UNIQUE (bookId ASC, genreId ASC));
INSERT INTO books_genres_association VALUES(1,1,2,'2024-01-12 18:05:24');
INSERT INTO books_genres_association VALUES(2,1,3,'2024-01-12 18:05:24');
INSERT INTO books_genres_association VALUES(3,2,3,'2024-01-12 18:05:24');
INSERT INTO books_genres_association VALUES(4,3,3,'2024-01-12 18:05:24');
INSERT INTO books_genres_association VALUES(5,3,4,'2024-01-12 18:05:24');
INSERT INTO books_genres_association VALUES(6,4,5,'2024-01-12 18:05:24');
INSERT INTO books_genres_association VALUES(7,4,6,'2024-01-12 18:05:24');
INSERT INTO books_genres_association VALUES(8,5,4,'2024-01-12 18:05:24');
INSERT INTO books_genres_association VALUES(9,5,7,'2024-01-12 18:05:24');
INSERT INTO books_genres_association VALUES(12,7,5,'2024-01-12 18:05:24');
INSERT INTO books_genres_association VALUES(13,7,8,'2024-01-12 18:05:24');
INSERT INTO books_genres_association VALUES(14,8,3,'2024-01-12 18:05:24');
INSERT INTO books_genres_association VALUES(15,8,4,'2024-01-12 18:05:24');
INSERT INTO books_genres_association VALUES(16,9,4,'2024-01-12 18:05:24');
INSERT INTO books_genres_association VALUES(17,9,9,'2024-01-12 18:05:24');
INSERT INTO books_genres_association VALUES(18,10,4,'2024-01-12 18:05:24');
INSERT INTO books_genres_association VALUES(19,10,10,'2024-01-12 18:05:24');
INSERT INTO books_genres_association VALUES(20,11,6,'2024-01-12 18:05:24');
INSERT INTO books_genres_association VALUES(21,11,11,'2024-01-12 18:05:24');
INSERT INTO books_genres_association VALUES(22,12,1,'2024-01-12 18:05:24');
INSERT INTO books_genres_association VALUES(23,12,2,'2024-01-12 18:05:24');
INSERT INTO books_genres_association VALUES(24,13,7,'2024-01-12 18:05:24');
INSERT INTO books_genres_association VALUES(25,13,10,'2024-01-12 18:05:24');
INSERT INTO books_genres_association VALUES(28,6,5,'2024-01-12 18:16:09');
INSERT INTO books_genres_association VALUES(29,6,6,'2024-01-12 18:16:09');
INSERT INTO books_genres_association VALUES(32,14,1,'2024-03-09 19:45:37');
INSERT INTO books_genres_association VALUES(33,14,12,'2024-03-09 19:45:37');
INSERT INTO books_genres_association VALUES(34,14,2,'2024-03-09 19:45:37');
INSERT INTO books_genres_association VALUES(35,15,4,'2024-07-02 13:32:15');
INSERT INTO books_genres_association VALUES(36,15,10,'2024-07-02 13:32:15');
INSERT INTO books_genres_association VALUES(37,16,13,'2024-07-02 13:33:38');
INSERT INTO books_genres_association VALUES(38,17,2,'2024-08-26 17:55:07');
INSERT INTO books_genres_association VALUES(39,17,13,'2024-08-26 17:55:07');
INSERT INTO books_genres_association VALUES(40,18,2,'2024-09-13 15:19:26');
INSERT INTO books_genres_association VALUES(41,19,2,'2024-09-13 15:28:29');
INSERT INTO books_genres_association VALUES(42,19,3,'2024-09-13 15:28:29');
INSERT INTO books_genres_association VALUES(43,20,4,'2024-10-25 20:36:32');
INSERT INTO books_genres_association VALUES(44,21,6,'2024-12-01 15:46:34');
INSERT INTO books_genres_association VALUES(45,22,11,'2024-12-18 01:29:18');
INSERT INTO books_genres_association VALUES(46,22,13,'2024-12-18 01:29:18');
INSERT INTO books_genres_association VALUES(47,22,5,'2024-12-18 01:29:18');
INSERT INTO books_genres_association VALUES(48,23,4,'2024-12-23 22:02:28');
INSERT INTO books_genres_association VALUES(49,23,3,'2024-12-23 22:02:28');
INSERT INTO books_genres_association VALUES(50,24,14,'2025-01-18 21:25:39');
INSERT INTO books_genres_association VALUES(51,25,6,'2025-03-11 14:47:11');
INSERT INTO books_genres_association VALUES(52,26,6,'2025-04-04 14:00:35');
INSERT INTO books_genres_association VALUES(53,27,13,'2025-06-02 19:39:23');
INSERT INTO books_genres_association VALUES(54,27,15,'2025-06-02 19:39:23');
INSERT INTO books_genres_association VALUES(55,28,6,'2025-07-06 14:25:53');
INSERT INTO books_genres_association VALUES(57,29,4,'2025-07-21 13:20:07');
INSERT INTO books_genres_association VALUES(58,29,17,'2025-07-21 13:20:07');
CREATE TABLE IF NOT EXISTS swim_tags (
id      INTEGER PRIMARY KEY
NOT NULL,
created INTEGER DEFAULT (CURRENT_TIMESTAMP)
NOT NULL,
tag     TEXT    UNIQUE
NOT NULL
);
INSERT INTO swim_tags VALUES(1,'2024-10-14 21:29:10','Free');
INSERT INTO swim_tags VALUES(2,'2024-10-14 21:29:39','IM/Stroke');
INSERT INTO swim_tags VALUES(3,'2024-10-14 21:29:47','Sprint');
INSERT INTO swim_tags VALUES(4,'2024-10-14 21:30:03','Distance');
INSERT INTO swim_tags VALUES(5,'2024-10-14 21:30:09','Kick');
INSERT INTO swim_tags VALUES(6,'2024-10-14 21:30:14','Misc');
CREATE TABLE IF NOT EXISTS swim_workouts (
id              INTEGER  NOT NULL
PRIMARY KEY AUTOINCREMENT,
created         DATETIME NOT NULL
DEFAULT CURRENT_TIMESTAMP,
swimWorkoutText TEXT     NOT NULL,
yards           INT      NOT NULL,
isVisible       INTEGER  NOT NULL
DEFAULT '1', author TEXT,
UNIQUE (
id
)
);
INSERT INTO swim_workouts VALUES(2,'2024-10-10 21:45:14',replace('300 ch 4:30\n200 PU 2:50\n4x75 25str/50fr 1:10\n\n4x\n	2x25 1/2 underwater KK :30\n	50KK fast :50\n	50ez 1:00\n\n2x\n	300 Fr 4:10\n	3x100 back 1:40\n\n2x \n	150 Fr 2:10\n	3x50 breast :50\n\n2x\n	75 Fr 1:10\n	3x25 fly :30\n\n** 1st round make interval.  2nd round fast.','\n',char(10)),3500,1,'Bryan');
INSERT INTO swim_workouts VALUES(3,'2024-10-15 00:45:36',replace('1000 SKIPS\n\n3x150 pull desc 2:10\n\n4x\n2x100 free 1:20\n2x50 fast IM ORDER 1:20\n2x75 free 1:00\n2x50 fast IM kick 1:20\n50 ez 1:00\n\n100 cool down','\n',char(10)),3950,1,'Jen');
INSERT INTO swim_workouts VALUES(4,'2024-10-15 13:42:13',replace('400 WU\n\n3x\n   3x100\n   2x50 run 1:00\n   50 EZ 1:00\n   2x50 \n      1. 25 build stroke, 25 ez\n      2. fast stroke\n   50 EZ 1:00\n\nRd1 - Fr 1:25/1:20/1:15\nRd2 - IM 1:30\nRd3 - 50kk/50sw 1:30','\n',char(10)),2200,1,'Bryan');
INSERT INTO swim_workouts VALUES(5,'2024-10-18 03:07:04',replace('4X100 1:30 fr\n3X100 1:30 25str/25fr\n200 kk\n4X25 :40 0-1 breaths\n\n2X\n   4x125 IM 1:50\n   4x100 1:40 75 moderate, rest :10, 25 fast\n   4x75 1:10 fr every wall 6 dolphin kicks\n   4x50 :50 kk\n   50 ez \n   Broken 200\n      75-50-50-25 10 sec rest\n   50 EZ','\n',char(10)),4400,1,'Bryan');
INSERT INTO swim_workouts VALUES(6,'2024-10-18 18:40:09',replace('400 choice\n300 kick \n200 pull\n100 scull/drill\n\n400 pull, neg split 5:20\n5 x 100 1:15 (work the 100s - gear optional if needed)\n1 x 150 2:25 recovery\n300 pull, neg split 4:00\n4 x 100 1:15\n1 x 150 2:20 recovery\n200 pull neg split 2:40\n3 x 100 1:15\n1 x 150 2:30 recovery\n100 pull, neg split 1:20\n2 x 100 1:10\n1 x 150 2:20 recovery\n50 EZ\n1 x 100 1:05\n150 cool down\n\n','\n',char(10)),4300,1,'Bob');
INSERT INTO swim_workouts VALUES(7,'2024-10-20 16:49:13',replace('400 swim\n200 kick\n300 pull\n100 drill/scull\n\n3 x  | 2 x 200s 2:30\n       | 1 x 100 2:00\n1 x 100 1:10\n100 easy\n\n3 x  | 3 x 150s pace 1:50\n       | 1 x 100 2:00\n1 x 100 1:10\n100 easy\n\n3 x  | 4 x 100s pace 1:15\n       | 1 x 100 2:00\n1 x 100 1:10\n100 easy\n\n3 x  |5 x 50s :40\n       | 1 x 100 2:00\n1 x 100 1:10\n200 easy\n','\n',char(10)),7500,1,'Bob');
INSERT INTO swim_workouts VALUES(8,'2024-10-21 14:54:57',replace('300 choice\n200 kick \n200 pull\n100 drill/scull\n\nRound 1            \n4 x 200 IM alt 50 fast 3:20\n4 x 75 free breathe 3,5,7 1:10\n4 x 100 IM 1:35\n4 x 50 kick 1:00\n\nRound 2\n4 x 200 pull alt 50 fast 2:50\n4 x 75 IM 1:15\n4 x 100, desc 1:25\n4 x 50 IMO :50\n\n100 cool down','\n',char(10)),4300,1,'Bob');
INSERT INTO swim_workouts VALUES(9,'2024-10-24 02:04:32',replace('4x200 3:00\n  1. Ez\n  2. Free down stroke back\n  3. IM down free back\n  4. Ez down build back\n  \n2x\n  50 1:00 1/2 underwater kick rest swim\n  50 1:00 KK fast/ez by 25\n  100 kk/swim by 50 1:40\n\n4x\n   75 fast 1:30\n   2x100 recovery 1:30\n   50 fast 1:00\n   2x100 recovery 1:30\n   25 fast :30\n   50 ez \n** same stroke within the round','\n',char(10)),3600,1,'Bryan');
INSERT INTO swim_workouts VALUES(10,'2024-10-28 13:13:36',replace('300 choice\n200 kick\n200 pull\n100 drill/scull\n		800\n\n10 x 100 4 x 1:25, 3 x 1:20, 2 x 1:15, 1 x 1:10\n		1000 (1800)\n\n1 x 200 IM 3:00\n2 x 175 free 2:30\n3 x 150 pull 2:00, desc 1-3\n50 ez\n		950 (2750)\n\n1 x 150 IM no free 2:15\n2 x 125 free 1:40\n3 x 100 1:20, :15, :10\n50 ez\n		750 (3500)\n\n1 x 100 IM 1:30\n2 x 75 breathe 1/2/3 1:15\n3 x 50 12.5 underwater, 1:00\n100 ez\n		500 (4000)','\n',char(10)),4000,1,'Bob');
INSERT INTO swim_workouts VALUES(11,'2024-10-29 23:58:00',replace('400 WU\n200 KK\n200 PU\n4x50 :50 variable\n4x50 KK 1:10 1/2 underwater each wall\n\n6x100 1:45 odds fast, evens easy\n4x100 IM 1:45 odds fast, evens easy\n2x100 1:45 str/fr by 50 odds fast, evens easy\n\n4x125 IM 1:50\n3x125 25 IM, 100 free 1:40\n2x125 1:50 one easy, two fast\n1x125 KK down, ez back\n\n100 CD','\n',char(10)),3800,1,'Bryan');
INSERT INTO swim_workouts VALUES(12,'2024-11-02 16:15:41',replace('400 Choice\n300 Kick\n200 Pull\n100 Scull\n\n4x (kick)\n100 1:50\n2 x 50 :55\n4 x 25 :30 fast\n\n3x (1 rd each stk)\n4 x 25 :30 pull\n2 x 50 :55 drill\n3 x 25 :30\n2 x 50 :50\n1 x 75 1:10\n3 x 100 1:20 fr desc 1-2 3 ez\n:30','\n',char(10)),4450,1,'Ryan');
INSERT INTO swim_workouts VALUES(13,'2024-11-04 15:21:51',replace('400 Choice\n300 kick\n200 pull\n100 drill/scull\n\n4 x 50 fast/ez, ez/fast, ez, fast \n\n        [1 x 175 pull 2:25\n        [2 x 125 IM, 50 stroke by round 1:55\n4 X 	[3 x 75 Free 1:10, 1:05, 1:00\n        [4 x 25 stroke, IMO by round :30\n        [50 ez','\n',char(10)),4400,1,'Bob');
INSERT INTO swim_workouts VALUES(14,'2024-11-06 15:03:25',replace('300 Swim\n200 K\n200 P\n100 drill/scull\n\n6 x 50 25 stroke count/25 fast :50\n6 x 100:  3 x 1:20, 2 x 1:15, 1 x 1:10\n\n        [150 pull 2:00\n	    [100 IM 1:40\n3X 	[2 x 75 build 1 stroke (by round) 1:15, 1 free 1:05\n        [3 x 50 stroke/free IMO (by round) :45\n        [50 ez\n\n4 x 200 add 50 fast each round 2:40\n100 cool down\n            ','\n',char(10)),4400,1,'Bob');
INSERT INTO swim_workouts VALUES(15,'2024-11-08 04:44:55',replace('600 Ch\n24 x 25 k alt 3 @:30, 3 @:25\n\n3x\n3 x 100 snorkel 1:30\n2 x 100 stk 2:00 50kick/50 drill\n\n4x\n50 fr :50\n2 x 25 :30 1 breath\n50 fr :50\n2 x 25 :30 1 breath fly\n\n5 x 100 1:25\n500 6:00\n4 x 100 1:25\n500 6:00\n3 x 100 1:25\n500 6:00\n2 x 100 1:25\n500 6:00','\n',char(10)),6400,1,'Ryan');
INSERT INTO swim_workouts VALUES(16,'2024-11-08 16:08:33',replace('400 swim\n200 kick\n300 pull\n100 drill/scull\n		\n8 x 75 :55/1:15\n\n200 pull 2:45\n6 x 100 1:20/1:30 hold best average\n100 kick, regroup\n200 pull 2:45\n6 x 100 1:15/1:30 hold best average\n100 kick, regroup\n200 pull 2:45\n6 x 100 1:10/1:30 hold best average\n100 kick\n\n100 ez','\n',char(10)),4400,1,'Bob');
INSERT INTO swim_workouts VALUES(17,'2024-11-10 02:12:45',replace('400Ch\n200kick\n400pull\n\n12 x 75 1:25 k/dr/sw  atleast 1 each stk\n\nDesc as efforts get shorter\n300fr 4:15\n300im 4:45\n2 x 200fr 2:50\n2 x 200im 3:10\n4 x 100fr 1:25\n4 x 100im 1:35\n8 x 50 fr :45\n8 x 50 imo :50\n\n3x (interval by rd)\n4 x 75 pull 1:10, 1:05, 1:00\n4 x 50 kick :60, :55, :50\n:60 between rd','\n',char(10)),6400,1,'Ryan');
INSERT INTO swim_workouts VALUES(18,'2024-11-19 14:15:08',replace('300 swim\n200 kick \n200 pull\n100 drill/scull\n\n8 x 50 f/ez, ez/f, ez, fast x 2 :50\n\n200 pull 2:45\n4 x 100 free on 1:25 desc 1-4\n\n200 pull 2:45\n4 x 100 IM on 1:35\n\n200 pull 2:45\n4 x 100 on 1:25 desc 1-3, hold 4\n\n200 pull 2:45\n4 x 100 kick 1:55\n\n200 pull 2:45\n4 x 100 on 1:25, desc 1-2, hold 3-4\n\n100 easy','\n',char(10)),4500,1,'Bob');
INSERT INTO swim_workouts VALUES(19,'2024-11-21 01:23:15',replace('300 Fr 4:30\n200 KK 4:00\n200 Fr 2:50\n200 str/fr by 50 3:15\n100 Fr 1:20\n\n3x\n   50 kk :50\n   50 ez 1:00\n\n3X\n   4x25 fast :30\n   200 smooth fr 3:00\n   3x50 fast 1:00\n   200 PU 3:00\n   2x75 fast 1:30','\n',char(10)),3700,1,'Bryan');
INSERT INTO swim_workouts VALUES(20,'2024-11-22 16:17:48',replace('400 choice swim\n2X	|4 X 75 1:20 25 KDS IMO\n|200 Free 3:00 Perfect technique \n|4 25 Free :30 Descend 1-4\n\n\n2X	|75 Free 1:05 FAST\n         |100 Free 1:25 Threshold/85% effort pace\n         |125 Free 1:45 Active Recovery\n      |100 Free 1:25 Threshold/85% effort pace\n|75 Free 1:05 FAST\n|100 Free 1:25 Threshold/85% effort pace\n|125 Free 1:45 Active Recovery\n|100 Free 1:25 Threshold/85% effort pace\n|75 Free 1:05 FAST\n|125 Free 2:00 EZ\n\n\n2X	|3 50 Kick 1:00 as Descend 1-3\n|100 Free 2:00 Easy Swim      ','\n',char(10)),4100,1,'Bob');
INSERT INTO swim_workouts VALUES(21,'2024-12-01 14:08:39',replace('1000 warm up\n\n2 x 	|200 2:40 faster as distance gets shorter\n	|150 2:00\n	|100 1:20\n	|50 :40\n\n4 x 200 pull 2:30\n200 fast\n200 easy\n\n3 x 200 pull 2:30\n150 fast \n150 easy\n\n2 x 200 pull 2:30\n100 fast\n100 easy\n\n1 x 200 pull 2:30\n50 fast \n50 easy\n\n6 x 100 kick with fins 1:30\n\n6 x 100 free 3 x 1:20, 2 x 1:15, 1 x 1:10','\n',char(10)),6600,1,'Mike');
INSERT INTO swim_workouts VALUES(22,'2024-12-01 14:29:27',replace('400 choice swim\n300 kick\n200 pull\n100 drill/scull\n			1000\n\n400 5:50 get time at 300\n300 4:20 get time at 200, faster than above\n200 2:50 get time at 100, faster than above\n100 1:20  faster than above\n			1000 (2000)\n\n4 x 200 pull 2:40 desc 1-4\n6 x 150 2:00 rotating fast 50\n8 x 100 1:25, 1:20, 1:15, 1:10 repeat\n2500 (4500)\n\n2 x 400 1 fast/1 EZ 	5:40\n2 x 300 “		4:15\n2 x 200 “		2:50\n2 x 100 “		1:25\n\n			2000 (6500)','\n',char(10)),6500,1,'Bob');
INSERT INTO swim_workouts VALUES(23,'2024-12-02 23:45:29',replace('100 SKIPS\n4x50 desc 1-4 :50\n\n4x\n   4x75 1:10 *\n   2x100 kk/sw by 50 1:30\n   4x25 IM order by round desc 1-4 :30\n   50 ez 1:00\n\n* -5 sec by round','\n',char(10)),3300,1,'Bryan');
INSERT INTO swim_workouts VALUES(24,'2024-12-03 02:21:17',replace('300fr\n200snorkle\n100 scull\n3x 200 (50dr/50sw/100kick)\n\n12 x 50 :50  25stk/25fr\n\n3x\n2 x 50 :50 5 uw kicks off each wall\n2 x 50 :60 25 fast/25 ez\n\n400 pull desc by 100\n4 x 75 kick 1:30 25 fast/50 moderate\n\n3x (desc by rd)\n3x100 1:25 fr\n1x100 1:35 bk\n1x100 1:35 IM','\n',char(10)),4500,1,'Ryan');
INSERT INTO swim_workouts VALUES(25,'2024-12-06 04:34:13',replace('400 choice swim\n300 kick\n200 pull\n100 drill/scull\n\nPre\n4 x 25 sprint @:30\n4 x 25 kick @ :40\n\nMain\n2 x 200 @2:40\n4 x 50 @:50 Build to 90%\n4 x 25 sprint @:30\neasy 50\n\n4 x 100 @1:20 build to 90%\n4 x 50 descend 1-4 @:50\n4 x 25 Sprint @:30\neasy 50\n\n8 x 50 @:50 Build to 90%\n4 x 50 Kick @1:00\n4 x 50 sprint @:30\neasy 50','\n',char(10)),3600,1,'Micha');
INSERT INTO swim_workouts VALUES(26,'2024-12-08 05:25:20',replace('1000 warm up\n2 x 200 2:40\n2 x 200 2:35\n2 x 200 2:30\n\nM Set\n100 1:20\n200 2:35\n300 3:45\n400 4:50\n300 3:45\n200 2:35\n300 3:45\n400 4:50\n300 3:45\n200 2:35\n100 1:20\n\nMurder Mike''s Pull\n200s 2:45, 2:25, 2:40, 2:25, 2:35, 2:25, 2:30, 2:25, 2:25, 2:25\n\n100 ez\n\n6 x 100 fins kick 1:30 (rotate fast 25 first 4, all moderate, all fast)\n\n100 ez','\n',char(10)),7800,1,'Mike');
INSERT INTO swim_workouts VALUES(27,'2024-12-08 19:38:04',replace('400 S\n300 P\n200 K\n100 D/S\n\n4 x 100 100 IM/100 free 1:40/1:20\n\n300 3:45\n275 3:45\n250 3:10\n225 3:10\n200 2:30\n175 2:30\n150 1:50\n125 1:50\n100 1:10\n75 1:10\n50 :35\n25 :35\n\n(25 and 75 kick :30 and 1:20\n50 and 100 IM :55 and 1:40)\n25/50/75/100   \n50/75/100/25\n75/100/25/50\n100/25/50/75\n\n3 x 400 (various pull gear)\n1. broken 5s at 100\n2. broken 10s at 200\n3. straight   ','\n',char(10)),5650,1,'Micha');
INSERT INTO swim_workouts VALUES(28,'2024-12-09 14:41:04',replace('300 S\n200 K\n200 P\n100 D/S\n\n\n4 x 100 1:25, 1:20, 1:15, 1:10\n\n\n2 X	   |4 x 25 Choice :30 stroke or IM\n           |100 IM 1:40\n\n\n2 X	|300 pull 4:15 moderate pace\n|4 x 75 Choice 1:05 1st round descend free, 1:15 2nd round stroke or IM\n|50 Choice 1:00 ez recovery\n|200 swim 2:45 moderate pace\n|4 x 50 Choice :45 1st round descend free, :50 2nd round stroke or IM\n|50 Choice 1:00 ez recovery\n|100 Choice FAST\n\n\n100 EZ\n         ','\n',char(10)),4100,1,'Bob');
INSERT INTO swim_workouts VALUES(29,'2024-12-11 21:26:15',replace('400 S\n300 P\n200 K\n100 D/S\n\n200 2:30\n175 2:30\n150 1:50\n125 1:50\n100 1:10\n75 1:10\n50 :35\n25 :35\n\n3 x 100 1:20\n1 x 100 1:15\n1 x 100 1:10\n\n100 1:20\n100 1:15\n100 1:10\n100 1:15\n100 1:20\n\n100 1:10\n100 1:15\n100 1:20\n100 1:15\n100 1:10\n\n2 x 100 1:10\n2 x 100 1:15\n1 x 100 1:200\n\n100 kick, 100 ezcool down','\n',char(10)),4100,1,'Micha');
INSERT INTO swim_workouts VALUES(30,'2024-12-12 03:17:52',replace('600 Ch\n400 (50kick/50swim)\n100 snorkel\n100 scull\n\n8 x 75 1:25 50dr/25swim\n\n3x (fl/bk, bk/br, br/fr by rd)\n4 x 100 1:40 desc 1-4\n400 fr 5:40\n4 x 50 :50 fast\n1:20 break btw rds\n\n4x pull\n100 1:30\n125 1:30\n\n4x kick\n100 2:00\n125 2:00','\n',char(10)),6600,1,'Ryan');
INSERT INTO swim_workouts VALUES(31,'2024-12-19 14:07:57',replace('300 choice\n200 kick\n100 drill/scull\n\n6x50 odds :40 evens :50\n\n2 x 200 @ 2:40\n1 x 300 25 stroke/50 free x4 cont @ 4:15\n3 x 100 @ 1:15, 1:10, 1:15\n\n50 active recovery\n\n2 x 200 @ 2:35\n3 x 1:50 desc @ 2:10, 2:00, 1:50\n3 x 50 sprint choice @ 60\n\n50 active recovery\n\n2 x 200 @ 2:30\n6 x 75 all ez, 25 fast/50 ez, 50 fast/25 ez, all fast, all ez, sprint\n6 x 25 choice sprint @ :30 \n\n4000 w/o cool down.','\n',char(10)),4000,1,'Kirk');
INSERT INTO swim_workouts VALUES(32,'2024-12-19 14:10:17',replace('300 4:30 every 3rd 25 stroke\n200 3:30 every 2nd 25 kk\n100 every 2nd 25 scull\n\n8x50 1:00\n   1-4: 25kk 1/2 underwater, 25 drill\n   5-8: "", 25 DPS\n\n4X\n   200 IM 3:00*\n   150 FR 1:45**\n   100 KK/SW 1:35\n   50 EZ\n\n* -10 sec/rd\n** +10 sec/rd','\n',char(10)),3000,1,'Bryan');
INSERT INTO swim_workouts VALUES(33,'2024-12-21 00:51:44',replace('300 S\n200 K\n200 P\n100 D/S\n				800\n\n4 x 150, middle 50 IMO 2:15\n				600 (1400)\n\n2 x 	| 200 stroke/free by 50 @ 3:00\n	| 150 free 2:00\n	| 100 IM 1:30\n				900 (2300)\n\n250 pull @ 3:20\n4 x 100 Fast @ 2:00\n200 swim @ 2:45\n4 x 75 Fast @ 1:30\n250 pull @ 3:20\n4 x 50 Fast @ 1:00\n200 swim @ 2:45\n4 x 25 Fast @ :30	\n				1900 (4200)\n100 ez\n4300','\n',char(10)),4300,1,'Bob');
INSERT INTO swim_workouts VALUES(34,'2024-12-23 21:37:46',replace('400 swim\n300 kick\n200 pull\n100 drill/scull\n\n            Round 1            Round 2                Round 3\n1 x 200        IM 3:00            kick fins 3:00        snorkel/no gear 2:40\n2 x 150        IM no free 2:20    free fins 2:40        pull buoy 1:55\n3 x 100        IM 1:30            kick fins 1:30        pull buoy+paddles 1:15\n4 x 50        prog. IM :50        choice fins :50        fins and paddles :50    \n\n4000 (bail out)\n\n3 x  | 2 x 200 2:30\n       | 1 x 100 2:00\n\n1 x 100 1:10\n100 easy\n\n3 x  | 3 x 100s pace 1:15\n       | 1 x 100 2:00\n\n1 x 100 1:10\n100 easy\n\n7100\nbring your fins','\n',char(10)),7100,1,'Bob');
INSERT INTO swim_workouts VALUES(35,'2024-12-24 14:10:58',replace('400 WU\n\n12x100 alternate fr/IM in sets of 2\n   -  FR (1:15/1:20/1:25),  IM (1:30/1:25/1:20)\n\n8x50 :50 IM order\n   - odds KK, evens swim \n\n8x50 1:00\n   1-4: str/fr hold :35\n   5-8: str hold :35\n\n100 CD','\n',char(10)),2500,1,'Jen');
INSERT INTO swim_workouts VALUES(36,'2024-12-24 14:20:18',replace('1000 SKIPS\n8x50\n   odds KK/DR IM order\n   evens swim free moderate\n\n4x\n   200 IM 2:50\n   4x50 fast 1:10 IM order by round\n   100 ez\n\n2x\n   200 2:40/2:30\n   100 1:20/1:10\n   50 :45/:35\n\n100 EZ','\n',char(10)),4300,1,'Brad');
INSERT INTO swim_workouts VALUES(37,'2024-12-29 06:06:54',replace('400 WU\n\n6x50\n   - odds IMO :50\n   - evens :40\n\n6x100\n   - odds 1:125\n   - evens 1:20/1:15/1:110\n\n8x75\n   1-4: 25 KK IMO, 50 fr 1:05\n   5-8: 25 IMO, 50 fr 1:00\n\n100 CD','\n',char(10)),2000,1,'Bryan');
INSERT INTO swim_workouts VALUES(38,'2024-12-31 17:04:05',replace('400 WU\n\n4x200 2:35\n   50 IM order in that order, rest is free\n50 EZ\n4x100 1:20 50 IMO/50 FR\n50 EZ\n4x50 IMO :45\n\n4x200 3:00\n   50 fr fast on #1.  add additional 50 every 200\n50 EZ\n4x100 1:30\n   same as 200s but with 25 fast\n50 EZ\n4x50 variable :50\n\n100 CD','\n',char(10)),3500,1,'Jen');
INSERT INTO swim_workouts VALUES(39,'2025-01-02 14:38:29',replace('400 Choice \n300 Kick \n200 Pull \n100 drill/scull\n            1000\n\n4 x 25 Kick :40\n4 x 25 Kick :35\n4 x 25 Kick :30\n100 ez\n4 x 75 Choice 1:20 scull 25, build 50\n4 x 200 Pull 3:15 odds broken at 50s for 10 s, good effort, evens recover\n8 x 100 Choice 1:30 odds 90-95%, evens recover\n8 x 50 Choice 1:00 90% effort\n50 ez\n\n            2750 (3750)\n\n350 Choice breathe 3, 5, 3, 7, 3, 9, 3 by 50\n\n            4100','\n',char(10)),4100,1,'Bob');
INSERT INTO swim_workouts VALUES(40,'2025-01-04 18:42:43',replace('400 swim\n300 KK\n200 PU\n100 Drill/scull\n\n3X\n   3x100\nRd1 - 1:25/1:20/1:30\nrd2 - 1:20/1:15/1:30\nrd3 - 1:15/1:10/1:30\n\n1x300 PU 4:00\n2x200 IM/FR 3:00/2:40\n3x150 2:05/2:00/1:55\n4x100 IM/FR 1:30/1:20\n5x50 KK 1:00\n\n100 CD\n','\n',char(10)),4000,1,'Bob');
INSERT INTO swim_workouts VALUES(41,'2025-01-05 22:09:46',replace('400 WU\n\n2x250 IM 3:30\n\n5x100\n   1-4: 50kk/50sw IM order 1:40\n   5: IM kk \n\n500 - 200 IM, 100 KK, 200 FR 6:45\n\n','\n',char(10)),2000,1,'Bryan');
INSERT INTO swim_workouts VALUES(42,'2025-01-07 01:18:07',replace('Warm Up (1,000)\n300 Swim\n4×50 kick 1:00\n8x50 swim (odds build to 90%; evens drill swim by 25 IMO)\n4×25 breakout (choice)\n\nMain 1 (2,600)\n200 Back Free 3:00\nSx100 1:20 (1, 2, 4. 5 Free: 3 IM)\n50 E2\n200 Pull 2150\n5x75 1:05 (1. 2. 4. 5 IM: 3 Free)\n75 E2\n200 Back Free 5:00\n4x100 1:15 (1, 2, 4 Free: 3 [VI\n50 E2\n200 Pull 2:50\n4×75 1:00 (1. 3 IM. 2,4 Free)\n50EZ\n\nMain 2 0400)\n16x25 140 First 1/2 each 25 underwater; Second 1/2 each 25 sprint to finish)\n100 EL WD\n4.100)','\n',char(10)),4100,1,'Brad');
INSERT INTO swim_workouts VALUES(43,'2025-01-08 14:08:20',replace('300 S\n200 K\n200 P\n100 D/S\n\n4 x 100 Kick 2:00 25 fast/50 fast/75 fast/all fast\n100 2:00 ez\n4 x 200 Choice 3:00 best average\n100 2:00 ez\n4 x 150 Pull 2:15 descend\n100 2:00 ez\n4 x 100 Choice 1:30 best average\n100 2:00 ez\n4 x 75 IM 1:20 best average\n100 2:00 ez\n4 X 50 1:00 choice fast\n\n8 x 25 Choice :40 take 2 breaths,1, 0, 1, 0, 0, 1, 2\n100 cool down','\n',char(10)),4300,1,'Bob');
INSERT INTO swim_workouts VALUES(44,'2025-01-09 11:55:16',replace('300 choice 4:30\n200 KK 4:00\n\n4x75 1:10/1:00/1:05/:55\n4x50 1:00 underwater down, ez back\n\n25x100 (Happy 2025!)\n\n4x100 IM 1:40 rotate the 25 fast\n:20 rest\n100 IM fast\n\n4x100 kk/sw by 50 1:40\nRest :20\n100 KK fast\n\n4x100 1:30 add 25 stroke each length\nRest :20\n100 choice stroke fast\n\n4x100 PU 1:20\nrest :20\n100 PU fast\n\n4x100 free 1:30 add 25 fast each one\nRest :20\n100 fast\n\n100 CD','\n',char(10)),3600,1,'Bryan');
INSERT INTO swim_workouts VALUES(45,'2025-01-10 05:00:20',replace('400 Ch\n\n3x\n150 kick  2:50\n150 25dr/fr 2:20\n200 pull desc by rd 2:05\n\n\n8 x 75 1:10 o;25stk/50fr e:50stk/25fr\n100ez 2:00\n8 x 125 1:55 o:50stk/75fr e:75stk/50 fr\n100 ez 2:00\n8 x 50 :55 variable sprint\n200 ez ','\n',char(10)),4300,1,'Ryan');
INSERT INTO swim_workouts VALUES(46,'2025-01-16 03:44:58',replace('400 WU every 4th 25 stroke\n3x100 KK 2:00\n3x100 PU 1:25\n4x50 dr/build :55\n\n4x75 switchers 1:10\n\n6x100 (1:30/1:20/1:30/1:15/1:30/1:10)\n\n8x50 AO (4 on 2:00, 2 on 1:30, 2 on 1:00)\n\n4x100 50kk IMO / 25 IMO swim / 25 free 1:45\n\n100 CD\n','\n',char(10)),3000,1,'Bryan');
INSERT INTO swim_workouts VALUES(47,'2025-01-16 04:32:08',replace('600 Ch\n\n4 x 150 2:20 100sw/50kick\n\n600 pull\n\n8 x 75 1:10 50sw/25kick\n\n12 x 50 (4 fly :50, 4 bk :50, 4 br :55)\n\n12 x 50 :50 o:low stk count e: 3 breath\n\n12 x 25 :30 o:fast breakout e: no breath\n\n3x (2 x broken 400 1 fast, 1 recover)\n200 3:20, 3:40, 4:00 by rd\n100 1:40, 1:50, 2:00 by rd\n2 x 50 :50, :55, :60 by rd\n4 x 100 1:40 o:sw/k by 50, e: snorkel\n','\n',char(10)),6300,1,'Ryan');
INSERT INTO swim_workouts VALUES(48,'2025-01-17 03:29:06',replace('300 S\n200 K\n200 P \n100 D/S\n\n6 x 50 start in middle :50\n\n6 x 150 pull 2:00, 2:20, 1:55, 2:15, 1:50, 2:10\n\n6 x 50 15s vertical kick 1:10\n\n6 x 100 1:15, 1:30, 1:10, 1:25, 1:05, 1:20\n\n6 x 50 ½ breaths by 25 1:00\n\n6 x 50 :45, :55, :40, :50, :35, :45\n			\n6 x 25 Fast :40\n					\n100 cool down\n\ncoffee','\n',char(10)),3500,1,'Bob');
INSERT INTO swim_workouts VALUES(49,'2025-01-17 03:30:24',replace('300 Swim\n200 K\n200 P\n100 drill/scull\n            800\n\n6 x 50 25 stroke count/25 fast :50\n\n6 x 100:  3 x 1:20, 2 x 1:15, 1 x 1:10    \n\n       [150 pull 2:00\n    [100 IM 1:40\n3X     [2 x 75 build 1 stroke (by round) 1:15, 1 free 1:05\n        [3 x 50 stroke/free IMO (by round) :45\n        [50 ez\n\n4 x 200 add 50 fast each round 2:40\n100 cool down','\n',char(10)),4400,1,'Bob');
INSERT INTO swim_workouts VALUES(50,'2025-01-20 05:30:54',replace('400 WU\n\n2X\n   2x125 1:30\n   50 ez\n   4x75 switchers 1:05\n   50 ez\n   2x100 1:30 KK/SW\n   4x50 IMO/free :40\n   50 ez\n\n100 CD','\n',char(10)),2500,1,'Bryan');
INSERT INTO swim_workouts VALUES(51,'2025-01-20 05:32:51',replace('400 WU\n\n2x200 PU 2:40\n4x100 KK/SW 1:40  kk IMO/25 IMO 25 free\n50 ez\n\n2x150 2:00 fr/back/fr\n4x75 switchers 1:05\n50 ez\n\n2x100 1:15/1:10\n4x50 IMO/fr 1:00 hold :35\n50 ez\n\n100 CD','\n',char(10)),2500,1,'Bryan');
INSERT INTO swim_workouts VALUES(52,'2025-01-28 00:48:38',replace('400 WU\n\n4x75 switchers 1:10\n100 ez 1:30\n4x75 switchers 1:05\n\n4x75 alternate :55/1:00\n100 ez 1:30\n4x75 :55\n\n4x75 1:10 25KK/50 swim\n100 ez 1:30\n4x75 1:10 50KK/25 swim\n\n100 CD','\n',char(10)),2600,1,'Bryan');
INSERT INTO swim_workouts VALUES(53,'2025-01-28 00:49:48',replace('400 WU\n\n8x150 2:15\n   1-4: 50 IMO in the middle\n   5-8: 50 fast, 100 fast, 150 fast, all ez\n8x100 1:25\n   1-4: 50 IMO in the middle\n   5-8: add 25 fast each one\n\n100 CD','\n',char(10)),2500,1,'Jen');
INSERT INTO swim_workouts VALUES(54,'2025-01-28 00:50:21',replace('300 choice\n200 kick\n200 pull\n100 scull\n\n4 x 75 progressive IM 1:15\n4 x 75 desc free 1:05\n\n200 pull 2:45\n5 x 100 @ 1:30, 1:25, 1:20, 1:15, 1:10\n50 EZ\n\n200 IM 3:20\n4 x 100 @ 1:25, 1:20, 1:15, 1:10\n50 EZ\n\n200 50 free/50 back 3:00\n3 x 100 @ 1:20, 1:15, 1:10\n50 EZ\n\n200 IM 3:20\n2 x 100 @ 1:15, 1:10\n50 EZ\n\n200 pull 2:45\n1 x 100 @ 1:10 \n100 EZ/cool down\n\n4200 total','\n',char(10)),4200,1,'Bob');
INSERT INTO swim_workouts VALUES(55,'2025-01-29 02:47:15',replace('200 Ch\n200 kick\n4 x 75 backstroke 1:15\n200 Ch\n200 kick\n5 x 50 breastroke :55\n200 ch\n200 kick\n8 x 25 fly :30\n\n18 x 75 pull\n8 @ 1:05\n6 @ 1:00\n4 @ :55\n\n8 x 50 :50 3 stk, 1 ez fr\n:60\n9 x 75 1:15 2 stk, 1 ez fr\n:60\n6 x 100 1:40 1 stk, 1 ez fr\n:60\n9 x 75 1:15 2 stk, 1 ez fr\n:60\n8 x 50 :50 3 stk, 1 ez fr\n\n100 CD','\n',char(10)),6450,1,'Ryan');
INSERT INTO swim_workouts VALUES(56,'2025-02-04 04:54:06',replace('400 WU\n4x50 :50 variables\n\n3x\n   300 IM 4:30/4:20/4:10\n   4x75 1:10/1:20/1:30\n   2x100 1:40 kk/sw by 50\n\nRd1 - all IM; EZ/Fast/Ez \nRd2 - 50 IMO, 25 fr; Fast/Ez/Fast\nRd3 - 25 IMO, 50 fr; odds Ez, evens fast','\n',char(10)),3000,1,'Bryan');
INSERT INTO swim_workouts VALUES(57,'2025-02-07 02:12:01',replace('400 choice \n4x75 1:15 k/dr/build\n\n3x\n2x200 3:00  1 build 2 fast\n3x100 desc\n   Rd 1 IM 1:30\n        2 pull 1:25\n        3 kick 2:00\n4x50 1:00  25IMO fast/25 ez\n\n100 cool down','\n',char(10)),3500,1,'Jen');
INSERT INTO swim_workouts VALUES(58,'2025-02-07 05:13:30',replace('400 ch\n100 scull\n\n3x\n200 pull 2:50\n150 kick 2:50\n3 x 50 drill :55\n\n\n75 1:10 25 stk/50fr\n2 x 50 :50 25 stk/25fr\n4 x 25 :30 stk\n75 ez 1:20\n\n150 2:15 25stk/50fr\n2 x 100 1:35 25stk/25fr\n3 x 50 :60 stk\n100ez 1:40\n\n225 3:20 25stk/50fr\n150 2:20 25 stk/25fr\n2 x 75 1:30 stk\n75ez 1:20\n\n300 4:15 25stk/50fr\n200 3:05 25stk/25fr\n100 2:00 stk\n100ez ','\n',char(10)),4250,1,'Ryan');
INSERT INTO swim_workouts VALUES(59,'2025-03-08 19:15:30',replace('300 swim\n200 kick\n200 pull\n100 drill swim\n\n12 x 50 IMO :55\n\n8 x 100 odds pull on 1:25, even kick on 2:00\n\n5 x 100 on 1:15\n50 EZ on 1:05\n1 x 50 choice best effort on 1:05\n50 EZ 1:05\n\n4 x 100 on 1:15\n50 EZ \n2 x 50 best effort \n50 EZ\n\n3 x 100 on 1:15\n50 EZ \n3 x 50 best effort \n50 EZ\n\n2 x 100 on 1:15\n50 EZ\n4 x 50 best effort\n50 EZ\n\n1 x 100 on 1:15\n50 EZ\n5 x 50 best effort\n100 EZ','\n',char(10)),5000,1,'Bob');
INSERT INTO swim_workouts VALUES(60,'2025-03-20 03:15:32',replace('400 WU every 4th 25 stroke\n300 KK every 4th 25 1/2 underwater\n200 PU\n4x50 build :50\n\n4x75 kk/dr/bu 1:20\n\n3X\n   500\n   50 EZ\n   2X50 AO 1:15\n\nRd1 - 4x125 odds 1:30 evens 1:40\nRd2 - 5x100 IM odds 1:30 evens 1:40\nRd3 - 5x100 PU odds 1:20 evens 1:15\n\n100 CD ','\n',char(10)),3500,1,'Bryan');
INSERT INTO swim_workouts VALUES(61,'2025-04-01 13:30:29',replace('400 choice swim\n300 kick\n200 pull\n100 drill or scull\n			1000\n\n3 X	|75 Fr/St/Fr	1:10 St IMO each round\n|50 St/Fr 	:50\n|25 St. 	:30\n		450 (1450)\n\n6 x 100  1:20, 1:15, 1:10, 1:25, 1:15, 1:10\n50 ez\n2 x 100 kick 1:50\n\n4 x 150  Free pull optional 2:05, 1:50, 2:10, 1:45\n50 ez\n4 x 50 IMO :50\n\n3 x 200 Free 2:50, 2:40, 2:30 \n50 ez\n8 x 25 F/ez, ez/f, EZ, F :30\n			2550 (4000)','\n',char(10)),4000,1,'Bob');
INSERT INTO swim_workouts VALUES(62,'2025-04-02 03:01:17',replace('400 WU choice\n4x50 build :50\n\n1x300 4:00\n2x150 1:155\n3x100 1:15\n50 ez\n\n3x100 1:20/1:15/1:10\n:20 sr\n3x100 PU 1:20\n:20 sr\n4x50 IMO :50\n\n2X\n   4 min social kick\n   2x25 all out :30\n\n4X (stroke by round; 25 :30, 50 :50)\n   100 25/50/25 - 25 ez, 50 fast\n   100 25/50/25 - 25 fast, 50 ez\n\n100 CD','\n',char(10)),3700,1,'Bryan');
INSERT INTO swim_workouts VALUES(63,'2025-04-15 03:03:36',replace('400 choice\n200 KK\n\n12x50 :45 every 3rd fast stroke\n8x75 1-4 switchers 1:05, 5-8 free 1:00\n6x100 - 1:25/1:20/1:15 (-5 sec next round)\n4x150 - 50kk, 100 swim 2:15\n2x200 - 1 PU 3:00, 2 broken :10 sec 50-100-50\n\n100 CD','\n',char(10)),3500,1,'Bryan');
INSERT INTO swim_workouts VALUES(64,'2025-04-15 03:05:27',replace('400 swim\n300 kick\n200 pull\n100 drill swim\n                    1000\nSet 1\n12 x 50 @ :45 --> Every 3rd 50 build to fast\n                    600 (1600)\nSet 2\n20 x 100 @ 1:40\n#1-9 --> every 3rd 100 FAST\n#10-17--> every other 100 FAST (starting with a smooth 100)\n#18-20--> ALL FAST\n100 easy\n                    2100 (3700)\n\nSet 3\n4 x 100 fin kick 1:40, add 25 fast each 100\nSet 4\n6 x 150 pull @ 2:00 --> Descend 1-3, 2-6\n(900)\nWarm-down\n8 x 50 @ 1:15 --> No breath or one breath down, easy swim back\n100 ez\nTotal: 5,500','\n',char(10)),5500,1,'Bob');
INSERT INTO swim_workouts VALUES(65,'2025-04-17 23:32:29',replace('Warm Up\n400 choice swim\n4 x 50 kick\n4 x 75 pull build\n100 drill/scull\n\n                1000\nSet 1\n4x:\n50 kick, 50 one arm drill, 50 drill, 50 swim @ 1:00\n—>IM order by round\n                800 (1800)\nMain Set\n2x through:\n300 pull @ 2:35\n2 x 150 swim @ 2:00 —>build to 80-85%\n3 x 100 swim BEST AVERAGE PACE @ 1:40\n1:00 recovery (and to get your paddles back on for the second round)\n                1800 (3600)\n\n300 50 swim breathe every 7/50 back or breast\n                300 (3900)\n100 cool down\n            4000 total','\n',char(10)),4000,1,'Bob');
INSERT INTO swim_workouts VALUES(66,'2025-04-20 01:01:25',replace('3x ** all on 1:15, one round per stroke\n   2x75 IM \n   25 str, 50 fr\n   50 str, 25 fr\n   75 str\n   75 ez\n\n3x\n   25 fast, 50 ez 1:20\n   25 fast, 25 ez :55\n   25 fast :30\n   75 ez','\n',char(10)),2000,1,'Ryan');
INSERT INTO swim_workouts VALUES(67,'2025-04-23 03:07:37',replace('400 choice\n4x50 1:00 KK\n2x100 PU build 1:30\n\n4x75 switchers 1:15\n4x50 variable :50\n4x25 1/2 underwater KK :30\n\n-- Odds FR, evens 50 str/50 fr, 50 ez between each\n5x100 1:15\n4x100 1:20\n3x100 1:15\n2x100 1:20\n1x100 1:15\n\n100 CD','\n',char(10)),3200,1,'Bryan');
INSERT INTO swim_workouts VALUES(68,'2025-04-23 04:36:05',replace('400 Ch\n400 50kick/50fr drill best stroke\n\n18 x 50 \no: dps fr :50, \ne: kick/dr/Sw by 50 :55 worst stroke\n\n12 x 100 pull 1:25\n1-3 snorkel no pad\n4-6 right paddle\n7-9 left paddle\n10-12 both paddle\n\n3 x 250 3:30\n10 x 50 :55\nO: all stk fast\nE: 25 stk fast/ 25 ez\n\n2 x 250 3:30 faster than the 3\n10 x 50 :55\nO: all stk fast\nE: 25 stk fast/ 25 ez\n\n1 x 250 faster than the 2\n\n18 x 50 kick :60\n1-6  25 fast/25 ez\n7-12 12.5 uw each way\n13-18 25 ez/25 fast\n','\n',char(10)),6300,1,'Ryan');
INSERT INTO swim_workouts VALUES(69,'2025-05-07 02:12:23',replace('300 free\n2x100 KK 2:00\n200 PU\n2x100 str/fr by 50 1:40\n\n4x100 KK/sw by 50 1:40\n\n8x75 switchers\n   1-4: 1:10\n   5-8: 1:05\n\n8x75 free\n   1-4: 1:00\n   5-8: :55\n\n8x50 IM\n   1-4: :45\n   5-8: :40\n\n8x50 free\n   1-4: :40\n   5-8: :35','\n',char(10)),3500,1,'Bryan');
INSERT INTO swim_workouts VALUES(70,'2025-05-16 12:35:12',replace('400 swim\n300 IM kick/drill/swim by 25\n200 kick\n100 drill/scull\n\n3x\n50 pace set on 1:00\n300 @ 4:00\n3x100 - 1:15, 1:20, 1:25 within the round\n3x50 IMO - :50\n\n3x150 @ 2:15, middle 50 IMO\n\n100 easy','\n',char(10)),4000,1,'Bob');
INSERT INTO swim_workouts VALUES(71,'2025-05-28 03:56:47',replace('300 Fr 4:30\n200 KK 4:00\n100 IM 1:40\n\n200 PU 2:45\n100 drill 1:45\n\n100 ez/build/ez/fast\n\n4x125 IM 1:50\n50 ez 1:00\n4x125 first 25 IMO 1:40\n50 ez 1:00\n\nKK with fins:\n4x100 broken 1:30 just make interval\n   1. 50 on :60, 50 on :30\n   2. 50 on :55, 50 on :35\n   ...\n\n7x50 IM transition :50\n50 ez 1:30\n4x50 underwater/ez 1:00\n50 ez 1:00\n4x50 1:00 IMO/fr hold :35\n50 ez 1:00\n4x50 1:00 FR variable \n\n100 CD','\n',char(10)),3500,1,'Bryan');
INSERT INTO swim_workouts VALUES(72,'2025-07-06 14:28:14',replace('400 swim\n200 KK\n200 PU\n\n3x\n   2x100 str/fr 1:30\n   3x75 fr 1:00/:55/1:00\n   :20 sec rest\n   4x50 str/fr 1:00 hold :35\n   5x25 odds ez, evens fast :30\n   2x100 kk/sw 1:40','\n',char(10)),3700,1,'Bryan');
INSERT INTO swim_workouts VALUES(73,'2025-07-06 14:31:29',replace('3x\n   5x25 fast :30\n   50 ez 1:100\n   3x25 fast :30\n   50 fast 1:10\n   75 ez 1:20\n   2x25 fast :30\n   75 fast 1:20\n   100 ez 2:20','\n',char(10)),1800,1,'Bryan');
INSERT INTO swim_workouts VALUES(74,'2025-07-22 15:26:53',replace('Warm Up\n300 swim\n200 pull\n200—>25 drill/25 swim\n3 x 100 IM @ :15 rest\n(1000)\n\nSet 1\n3x through:\n3 x 50 kick @ kb +5, descend 1-3\n2 x 100—>50 kick, 50 swim @ b +20\n150 IM (50 each stroke, no free) @ b +30\n200 stroke @ b +30 (no free)\n(2100)\nOK to switch 200 stroke from round to round\n\nSet 2\n3x through:\n50—> 25 kick, 25 drill @ :20 rest\n50 stroke build @ :15 rest\n50—>25 drill, 25 scull @ :20 rest\n50 stroke FAST @ :15 rest\n(600)\n\nWarm Down\n6 x 50 your choice @ :15 rest\nTotal: 4,000','\n',char(10)),4000,1,'Bob');
INSERT INTO swim_workouts VALUES(75,'2025-07-31 02:34:23',replace('400 choice\n200 KK\n4x50 drill :55\n4x50 build :50\n\nSet 1\n4x125 IM 1:55\n\nSet 2\n5x100 Fr 1:30 odds fast, evens easy\n\nSet 3\n4x125 2:00 - 50KK stroke, 25 stroke, 50 free\n\nSet 4\n10x50 1:00\n   1-4 - 25 under water, 25 ez\n   5-6 - ez\n   7-10 - 25 str/25 free 1:00 hold :35\n\nSet 5\n3x150 PU 2:00 - ez, med, fast','\n',char(10)),3500,1,'Bryan');
CREATE TABLE IF NOT EXISTS swim_workout_tag_association (
id            INTEGER PRIMARY KEY
NOT NULL,
created       TEXT    DEFAULT (CURRENT_TIMESTAMP)
NOT NULL,
swimWorkoutId INTEGER REFERENCES swim_workouts (id)
NOT NULL,
swimTagId     INTEGER REFERENCES swim_tags (id)
NOT NULL,
UNIQUE (
swimWorkoutId,
swimTagId
)
);
INSERT INTO swim_workout_tag_association VALUES(7,'2024-10-15 02:58:04',2,2);
INSERT INTO swim_workout_tag_association VALUES(8,'2024-10-15 02:58:05',2,3);
INSERT INTO swim_workout_tag_association VALUES(9,'2024-10-15 02:58:05',2,5);
INSERT INTO swim_workout_tag_association VALUES(10,'2024-10-15 13:42:13',4,6);
INSERT INTO swim_workout_tag_association VALUES(11,'2024-10-17 11:25:39',3,1);
INSERT INTO swim_workout_tag_association VALUES(12,'2024-10-17 11:25:39',3,2);
INSERT INTO swim_workout_tag_association VALUES(13,'2024-10-17 11:25:40',3,5);
INSERT INTO swim_workout_tag_association VALUES(15,'2024-10-18 18:40:10',6,1);
INSERT INTO swim_workout_tag_association VALUES(16,'2024-10-18 18:40:10',6,4);
INSERT INTO swim_workout_tag_association VALUES(17,'2024-10-20 16:49:13',7,1);
INSERT INTO swim_workout_tag_association VALUES(18,'2024-10-20 16:49:14',7,4);
INSERT INTO swim_workout_tag_association VALUES(19,'2024-10-21 14:54:57',8,2);
INSERT INTO swim_workout_tag_association VALUES(20,'2024-10-21 14:54:57',8,5);
INSERT INTO swim_workout_tag_association VALUES(21,'2024-10-21 14:54:57',8,1);
INSERT INTO swim_workout_tag_association VALUES(22,'2024-10-24 02:06:54',9,3);
INSERT INTO swim_workout_tag_association VALUES(23,'2024-10-24 02:06:55',9,5);
INSERT INTO swim_workout_tag_association VALUES(24,'2024-10-28 17:08:30',10,6);
INSERT INTO swim_workout_tag_association VALUES(25,'2024-10-29 23:58:00',11,3);
INSERT INTO swim_workout_tag_association VALUES(26,'2024-10-29 23:58:00',11,2);
INSERT INTO swim_workout_tag_association VALUES(27,'2024-10-29 23:58:00',11,1);
INSERT INTO swim_workout_tag_association VALUES(28,'2024-11-02 16:15:41',12,2);
INSERT INTO swim_workout_tag_association VALUES(29,'2024-11-02 16:15:41',12,5);
INSERT INTO swim_workout_tag_association VALUES(30,'2024-11-04 15:21:51',13,6);
INSERT INTO swim_workout_tag_association VALUES(31,'2024-11-04 15:21:51',13,2);
INSERT INTO swim_workout_tag_association VALUES(32,'2024-11-06 15:03:25',14,1);
INSERT INTO swim_workout_tag_association VALUES(33,'2024-11-06 15:03:25',14,2);
INSERT INTO swim_workout_tag_association VALUES(34,'2024-11-08 04:44:55',15,1);
INSERT INTO swim_workout_tag_association VALUES(35,'2024-11-08 04:44:55',15,4);
INSERT INTO swim_workout_tag_association VALUES(36,'2024-11-08 16:08:33',16,1);
INSERT INTO swim_workout_tag_association VALUES(37,'2024-11-10 02:13:23',17,1);
INSERT INTO swim_workout_tag_association VALUES(38,'2024-11-10 02:13:23',17,2);
INSERT INTO swim_workout_tag_association VALUES(39,'2024-11-10 02:13:23',17,4);
INSERT INTO swim_workout_tag_association VALUES(40,'2024-11-19 14:15:08',18,6);
INSERT INTO swim_workout_tag_association VALUES(41,'2024-11-19 14:15:08',18,5);
INSERT INTO swim_workout_tag_association VALUES(42,'2024-11-21 01:23:15',19,3);
INSERT INTO swim_workout_tag_association VALUES(47,'2024-12-01 14:29:27',22,1);
INSERT INTO swim_workout_tag_association VALUES(48,'2024-12-01 14:29:27',22,4);
INSERT INTO swim_workout_tag_association VALUES(49,'2024-12-02 23:45:29',23,5);
INSERT INTO swim_workout_tag_association VALUES(50,'2024-12-02 23:45:29',23,2);
INSERT INTO swim_workout_tag_association VALUES(51,'2024-12-03 02:21:17',24,6);
INSERT INTO swim_workout_tag_association VALUES(52,'2024-12-06 04:34:13',25,6);
INSERT INTO swim_workout_tag_association VALUES(53,'2024-12-08 05:25:20',26,1);
INSERT INTO swim_workout_tag_association VALUES(54,'2024-12-08 05:25:20',26,4);
INSERT INTO swim_workout_tag_association VALUES(55,'2024-12-08 05:25:20',26,5);
INSERT INTO swim_workout_tag_association VALUES(56,'2024-12-08 19:38:04',27,1);
INSERT INTO swim_workout_tag_association VALUES(57,'2024-12-08 19:38:04',27,4);
INSERT INTO swim_workout_tag_association VALUES(58,'2024-12-08 19:38:04',27,2);
INSERT INTO swim_workout_tag_association VALUES(59,'2024-12-08 19:38:04',27,5);
INSERT INTO swim_workout_tag_association VALUES(60,'2024-12-09 14:41:04',28,1);
INSERT INTO swim_workout_tag_association VALUES(61,'2024-12-09 14:41:04',28,2);
INSERT INTO swim_workout_tag_association VALUES(62,'2024-12-11 21:26:21',29,1);
INSERT INTO swim_workout_tag_association VALUES(66,'2024-12-19 14:10:17',32,2);
INSERT INTO swim_workout_tag_association VALUES(67,'2024-12-21 00:51:44',33,3);
INSERT INTO swim_workout_tag_association VALUES(68,'2024-12-23 21:37:46',34,6);
INSERT INTO swim_workout_tag_association VALUES(69,'2024-12-23 21:37:46',34,1);
INSERT INTO swim_workout_tag_association VALUES(72,'2024-12-24 14:20:18',36,2);
INSERT INTO swim_workout_tag_association VALUES(73,'2024-12-24 14:20:18',36,3);
INSERT INTO swim_workout_tag_association VALUES(74,'2024-12-24 14:20:18',36,1);
INSERT INTO swim_workout_tag_association VALUES(75,'2024-12-24 14:28:06',31,1);
INSERT INTO swim_workout_tag_association VALUES(76,'2024-12-29 06:06:54',37,2);
INSERT INTO swim_workout_tag_association VALUES(77,'2024-12-29 06:06:54',37,1);
INSERT INTO swim_workout_tag_association VALUES(79,'2025-01-01 01:24:53',30,4);
INSERT INTO swim_workout_tag_association VALUES(80,'2025-01-01 01:24:53',30,5);
INSERT INTO swim_workout_tag_association VALUES(81,'2025-01-01 01:25:22',20,1);
INSERT INTO swim_workout_tag_association VALUES(82,'2025-01-01 01:25:22',20,5);
INSERT INTO swim_workout_tag_association VALUES(84,'2025-01-01 01:28:01',35,2);
INSERT INTO swim_workout_tag_association VALUES(85,'2025-01-01 01:28:01',35,3);
INSERT INTO swim_workout_tag_association VALUES(87,'2025-01-02 14:38:29',39,6);
INSERT INTO swim_workout_tag_association VALUES(88,'2025-01-02 14:38:29',39,3);
INSERT INTO swim_workout_tag_association VALUES(89,'2025-01-02 17:26:05',38,6);
INSERT INTO swim_workout_tag_association VALUES(90,'2025-01-04 18:42:43',40,6);
INSERT INTO swim_workout_tag_association VALUES(91,'2025-01-04 18:42:43',40,2);
INSERT INTO swim_workout_tag_association VALUES(92,'2025-01-04 18:43:23',21,1);
INSERT INTO swim_workout_tag_association VALUES(93,'2025-01-04 18:43:23',21,4);
INSERT INTO swim_workout_tag_association VALUES(94,'2025-01-04 18:44:03',5,6);
INSERT INTO swim_workout_tag_association VALUES(95,'2025-01-05 22:09:46',41,6);
INSERT INTO swim_workout_tag_association VALUES(96,'2025-01-05 22:09:46',41,2);
INSERT INTO swim_workout_tag_association VALUES(97,'2025-01-07 14:29:53',42,6);
INSERT INTO swim_workout_tag_association VALUES(98,'2025-01-07 14:29:53',42,2);
INSERT INTO swim_workout_tag_association VALUES(99,'2025-01-08 14:08:20',43,3);
INSERT INTO swim_workout_tag_association VALUES(100,'2025-01-09 01:55:16',44,6);
INSERT INTO swim_workout_tag_association VALUES(101,'2025-01-10 05:00:20',45,2);
INSERT INTO swim_workout_tag_association VALUES(102,'2025-01-16 03:44:58',46,3);
INSERT INTO swim_workout_tag_association VALUES(103,'2025-01-16 04:32:08',47,1);
INSERT INTO swim_workout_tag_association VALUES(104,'2025-01-16 04:32:08',47,5);
INSERT INTO swim_workout_tag_association VALUES(105,'2025-01-17 03:29:06',48,1);
INSERT INTO swim_workout_tag_association VALUES(106,'2025-01-17 03:30:24',49,6);
INSERT INTO swim_workout_tag_association VALUES(107,'2025-01-17 03:30:24',49,2);
INSERT INTO swim_workout_tag_association VALUES(108,'2025-01-20 05:30:54',50,6);
INSERT INTO swim_workout_tag_association VALUES(109,'2025-01-20 05:30:54',50,2);
INSERT INTO swim_workout_tag_association VALUES(110,'2025-01-20 05:32:51',51,6);
INSERT INTO swim_workout_tag_association VALUES(111,'2025-01-28 00:48:38',52,6);
INSERT INTO swim_workout_tag_association VALUES(112,'2025-01-28 00:49:48',53,6);
INSERT INTO swim_workout_tag_association VALUES(113,'2025-01-28 00:50:21',54,6);
INSERT INTO swim_workout_tag_association VALUES(114,'2025-01-29 02:47:15',55,2);
INSERT INTO swim_workout_tag_association VALUES(115,'2025-02-04 04:54:06',56,2);
INSERT INTO swim_workout_tag_association VALUES(116,'2025-02-07 02:12:01',57,3);
INSERT INTO swim_workout_tag_association VALUES(117,'2025-02-07 02:12:01',57,6);
INSERT INTO swim_workout_tag_association VALUES(118,'2025-02-07 05:13:59',58,2);
INSERT INTO swim_workout_tag_association VALUES(119,'2025-03-08 19:15:30',59,3);
INSERT INTO swim_workout_tag_association VALUES(120,'2025-03-08 19:15:30',59,6);
INSERT INTO swim_workout_tag_association VALUES(121,'2025-03-20 04:05:34',60,3);
INSERT INTO swim_workout_tag_association VALUES(122,'2025-03-20 04:05:34',60,6);
INSERT INTO swim_workout_tag_association VALUES(123,'2025-04-01 13:30:29',61,6);
INSERT INTO swim_workout_tag_association VALUES(124,'2025-04-02 03:01:17',62,6);
INSERT INTO swim_workout_tag_association VALUES(125,'2025-04-15 03:03:37',63,6);
INSERT INTO swim_workout_tag_association VALUES(126,'2025-04-15 03:05:27',64,6);
INSERT INTO swim_workout_tag_association VALUES(127,'2025-04-17 23:32:29',65,6);
INSERT INTO swim_workout_tag_association VALUES(128,'2025-04-20 01:01:25',66,3);
INSERT INTO swim_workout_tag_association VALUES(129,'2025-04-23 03:07:37',67,1);
INSERT INTO swim_workout_tag_association VALUES(130,'2025-04-23 04:36:05',68,2);
INSERT INTO swim_workout_tag_association VALUES(131,'2025-05-07 02:12:23',69,2);
INSERT INTO swim_workout_tag_association VALUES(132,'2025-05-07 02:12:23',69,1);
INSERT INTO swim_workout_tag_association VALUES(133,'2025-05-16 12:35:13',70,6);
INSERT INTO swim_workout_tag_association VALUES(134,'2025-05-28 03:56:47',71,6);
INSERT INTO swim_workout_tag_association VALUES(135,'2025-05-28 03:56:47',71,2);
INSERT INTO swim_workout_tag_association VALUES(136,'2025-07-06 14:28:14',72,2);
INSERT INTO swim_workout_tag_association VALUES(137,'2025-07-06 14:31:29',73,3);
INSERT INTO swim_workout_tag_association VALUES(138,'2025-07-06 14:31:29',73,2);
INSERT INTO swim_workout_tag_association VALUES(139,'2025-07-22 15:26:53',74,6);
INSERT INTO swim_workout_tag_association VALUES(140,'2025-07-22 15:26:53',74,2);
INSERT INTO swim_workout_tag_association VALUES(141,'2025-07-31 02:34:23',75,6);
DELETE FROM sqlite_sequence;
INSERT INTO sqlite_sequence VALUES('books',29);
INSERT INTO sqlite_sequence VALUES('cars',4);
INSERT INTO sqlite_sequence VALUES('genres',17);
INSERT INTO sqlite_sequence VALUES('books_genres_association',58);
INSERT INTO sqlite_sequence VALUES('consumption',316);
INSERT INTO sqlite_sequence VALUES('swim_workouts',75);
COMMIT;
